Selbst;Freude
Highlight;Freude
Traum;Freude
Spaß;Freude
hin und weg sein;Freude
das Wahre;Freude
perfekt;Freude
ueberwaeltigt;Freude
grandiosen;Freude
praechtig;Freude
restlos begeistert;Freude
fantastisch;Freude
spitze;Freude
klasse;Freude
erstaunlich;Freude
super;Freude
gluecklich;Freude
brillant;Freude
wundervoll;Freude
gluecklicherweise;Freude
unwiderstehlich;Freude
beeindruckt;Freude
freuen;Freude
einwandfrei;Freude
fehlerfrei;Freude
fehlerlos;Freude
makellos;Freude
meisterhaft;Freude
mustergueltig;Freude
vollendet;Freude
vollkommen;Freude
vorbildlich;Freude
tipptopp;Freude
tadellos;Freude
bestes;Freude
beruehrt;Freude
bewegt;Freude
bezaubert;Freude
erregt;Freude
erstaunt;Freude
hingerissen;Freude
sprachlos;Freude
umgehauen;Freude
erschlagen;Freude
ausgezeichnet;Freude
außerordentlich;Freude
beeindruckend;Freude
bestechend;Freude
blendend;Freude
eindrucksvoll;Freude
erstklassig;Freude
fabelhaft;Freude
fulminant;Freude
genial;Freude
glaenzend;Freude
herausragend;Freude
hervorragend;Freude
hinreißend;Freude
imposant;Freude
leuchtend;Freude
phaenomenal;Freude
prachtvoll;Freude
trefflich;Freude
triumphal;Freude
vortrefflich;Freude
vorzueglich;Freude
wunderbar;Freude
ueberwaeltigend;Freude
bombig;Freude
doll;Freude
großartig;Freude
prima;Freude
Sonderklasse;Freude
stark;Freude
traumhaft;Freude
wahnsinnig;Freude
Wucht;Freude
geil;Freude
außergewoehnlich;Freude
beachtlich;Freude
bedeutend;Freude
beispiellos;Freude
bemerkenswert;Freude
enorm;Freude
grandios;Freude
ueberdurchschnittlich;Freude
ueberragend;Freude
ungeheuer;Freude
unsagbar;Freude
exzellent;Freude
anstaendig;Freude
ordentlich;Freude
schoen;Freude
toll;Freude
unglaublich;Freude
sagenhaft;Freude
erfolgreich;Freude
erfreulich;Freude
freudig;Freude
froh;Freude
guenstig;Freude
beglueckt;Freude
beschwingt;Freude
erfreut;Freude
erleichtert;Freude
freudestrahlend;Freude
froehlich;Freude
glueckselig;Freude
guter Dinge;Freude
heiter;Freude
lustig;Freude
selig;Freude
euphorisch;Freude
happy;Freude
zufrieden;Freude
bezaubernd;Freude
einmalig;Freude
entzueckend;Freude
gigantisch;Freude
glanzvoll;Freude
groß;Freude
herrlich;Freude
enthusiastisch;Freude
maerchenhaft;Freude
paradiesisch;Freude
sensationell;Freude
spektakulaer;Freude
unvergesslich;Freude
himmlisch;Freude
astrein;Freude
angenehmerweise;Freude
erfreulicherweise;Freude
anziehend;Freude
attraktiv;Freude
fesselnd;Freude
reizend;Freude
reizvoll;Freude
verfuehrerisch;Freude
zauberhaft;Freude
umwerfend;Freude
unwahrscheinlich gut;Freude
angetan sein;Freude
begeistert sein;Freude
frei von Maengeln;Freude
ohne Fehler/Mangel/Makel;Freude
mit Begeisterung/Bewunderung/Staunen erfuellt;Freude
in Begeisterung/Staunen/Verwunderung versetzt;Freude
der/ein Hammer, reife Leistung, zum Glueck;Freude
empfehlenswert;Vertrauen
Kaufempfehlung;Vertrauen
empfehlen;Vertrauen
weiterempfehlen;Vertrauen
angenehm;Vertrauen
bedenkenlos;Vertrauen
ueberzeugen;Vertrauen
angebracht;Vertrauen
angemessen;Vertrauen
empfehlungswuerdig;Vertrauen
geeignet;Vertrauen
nuetzlich;Vertrauen
passend;Vertrauen
ratsam;Vertrauen
richtig;Vertrauen
sinnvoll;Vertrauen
vernuenftig;Vertrauen
vorteilhaft;Vertrauen
zweckmaeßig;Vertrauen
anpreisen;Vertrauen
animieren;Vertrauen
anraten;Vertrauen
anregen;Vertrauen
befuerworten;Vertrauen
nahelegen;Vertrauen
nennen;Vertrauen
ratend;Vertrauen
ruehmen;Vertrauen
vorschlagen;Vertrauen
zureden;Vertrauen
zuraten;Vertrauen
behaglich;Vertrauen
heimelig;Vertrauen
traulich;Vertrauen
wohlig;Vertrauen
eingefleischt;Vertrauen
energisch;Vertrauen
flammend;Vertrauen
glaeubig;Vertrauen
hundertprozentig;Vertrauen
leidenschaftlich;Vertrauen
passioniert;Vertrauen
rechtglaeubig;Vertrauen
unbekehrbar;Vertrauen
unverbesserlich;Vertrauen
anstandslos;Vertrauen
bereitwillig;Vertrauen
selbstverstaendlich;Vertrauen
unbedenklich;Vertrauen
beeindrucken;Vertrauen
beeinflussen;Vertrauen
bekehren;Vertrauen
belehren;Vertrauen
bereden;Vertrauen
bewegen;Vertrauen
einnehmen;Vertrauen
einreden;Vertrauen
erwaermen;Vertrauen
erweichen;Vertrauen
gewinnen;Vertrauen
interessieren;Vertrauen
mitreißen;Vertrauen
ueberreden;Vertrauen
umstimmen;Vertrauen
ausreichen;Vertrauen
befriedigen;Vertrauen
entsprechen;Vertrauen
erfuellen;Vertrauen
genuegen;Vertrauen
reichen;Vertrauen
trauen;Vertrauen
wohl fuehlen;Vertrauen
ueberzeugt sein;Vertrauen
am Platz;Vertrauen
von Nutzen;Vertrauen
ans Herz legen;Vertrauen
ohne Zweifel;Vertrauen
sicher;Vertrauen
ohne Bedenken;Vertrauen
ohne Weiteres;Vertrauen
ohne zu zoegern;Vertrauen
auf seine Seite ziehen/bringen;Vertrauen
bringen zu;Vertrauen
weich machen;Vertrauen
Wirkung ausueben/erzielen;Vertrauen
recht machen;Vertrauen
bauen auf;Vertrauen
hoffen auf;Vertrauen
rechnen mit;Vertrauen
setzen auf;Vertrauen
Vertrauen entgegenbringen/haben;Vertrauen
sich verlassen;Vertrauen
zaehlen auf;Vertrauen
Glauben/Vertrauen schenken;Vertrauen
