strassen	strasse
vase	vase
vasen	vase
strasse	strasse
straßen	strasse
straße	strasse
jacke	jacke
jacken	jacke
kameras	kamera
modern	modern
küche	kuche
küchen	kuche
modem	modem
decke	decke
leder	leder
buche	buche
sucher	sucher
extern	extern
kanne	kanne
sicherheits	sicherheit
sicherheit	sicherheit
kindle	kindl
wandern	wander
wander	wander
marke	marke
lauflern	lauflern
mars	mars
helene	helene
erotik	eroti
kösen	kosen
damen	dame
biker	biker
panem	panem
sims	sims
kitchen	kitchen
springlane	springlane
nike	nike
weber	weber
wars	wars
laser	laser
becker	becker
innen	innen
base	base