Highlight;Freude
Traum;Freude
Spaß;Freude
Wahre;Freude
perfekt;Freude
überwältigt;Freude
grandiosen;Freude
prächtig;Freude
restlos begeistert;Freude
fantastisch;Freude
spitze;Freude
klasse;Freude
erstaunlich;Freude
super;Freude
glücklich;Freude
brilliant;Freude
wundervoll;Freude
glücklicherweise;Freude
unwiderstehlich;Freude
beeindruckt;Freude
freuen;Freude
einwandfrei;Freude
fehlerlos;Freude
makellos;Freude
meisterhaft;Freude
mustergültig;Freude
vollendet;Freude
vollkommen;Freude
vorbildlich;Freude
tipptopp;Freude
berührt;Freude
bezaubert;Freude
erregt;Freude
erstaunt;Freude
hingerissen;Freude
umgehauen;Freude
erschlagen;Freude
ausgezeichnet;Freude
außerordentlich;Freude
beeindruckend;Freude
bestechend;Freude
blendend;Freude
eindrucksvoll;Freude
erstklassig;Freude
fabelhaft;Freude
fulminant;Freude
genial;Freude
glänzend;Freude
herausragend;Freude
hervorragend;Freude
hinreißend;Freude
imposant;Freude
leuchtend;Freude
phänomenal;Freude
prachtvoll;Freude
trefflich;Freude
triumphal;Freude
vortrefflich;Freude
vorzüglich;Freude
überwältigend;Freude
bombig;Freude
doll;Freude
großartig;Freude
prima;Freude
Sonderklasse;Freude
traumhaft;Freude
wahnsinnig;Freude
Wucht;Freude
geil;Freude
außergewöhnlich;Freude
beachtlich;Freude
beispiellos;Freude
bemerkenswert;Freude
enorm;Freude
grandios;Freude
überdurchschnittlich;Freude
überragend;Freude
ungeheuer;Freude
unsagbar;Freude
exzellent;Freude
anständig;Freude
ordentlich;Freude
toll;Freude
unglaublich;Freude
sagenhaft;Freude
erfreulich;Freude
freudig;Freude
froh;Freude
günstig;Freude
beglückt;Freude
beschwingt;Freude
erfreut;Freude
freudestrahlend;Freude
fröhlich;Freude
glückselig;Freude
heiter;Freude
lustig;Freude
selig;Freude
euphorisch;Freude
happy;Freude
bezaubernd;Freude
einmalig;Freude
entzückend;Freude
gigantisch;Freude
glanzvoll;Freude
herrlich;Freude
enthusiastisch;Freude
märchenhaft;Freude
paradiesisch;Freude
sensationell;Freude
spektakulär;Freude
unvergesslich;Freude
himmlisch;Freude
astrein;Freude
erfreulicherweise;Freude
anziehend;Freude
fesselnd;Freude
reizend;Freude
verführerisch;Freude
zauberhaft;Freude
umwerfend;Freude
angetan;Freude
begeistert;Freude
Begeisterung;Freude
Bewunderung;Freude
Staunen;Freude
empfehlenswert;Vertrauen
Kaufempfehlung;Vertrauen
empfehlen;Vertrauen
weiterempfehlen;Vertrauen
angenehm;Vertrauen
angenehmerweise;Vertrauen
bedenkenlos;Vertrauen
überzeugen;Vertrauen
angebracht;Vertrauen
angemessen;Vertrauen
empfehlungswürdig;Vertrauen
ratsam;Vertrauen
sinnvoll;Vertrauen
vernünftig;Vertrauen
vorteilhaft;Vertrauen
zweckmäßig;Vertrauen
anpreisen;Vertrauen
animieren;Vertrauen
anraten;Vertrauen
anregen;Vertrauen
befürworten;Vertrauen
nahelegen;Vertrauen
ratend;Vertrauen
rühmen;Vertrauen
vorschlagen;Vertrauen
zureden;Vertrauen
zuraten;Vertrauen
behaglich;Vertrauen
heimelig;Vertrauen
traulich;Vertrauen
wohlig;Vertrauen
eingefleischt;Vertrauen
energisch;Vertrauen
flammend;Vertrauen
gläubig;Vertrauen
hundertprozentig;Vertrauen
leidenschaftlich;Vertrauen
passioniert;Vertrauen
rechtgläubig;Vertrauen
unbekehrbar;Vertrauen
unverbesserlich;Vertrauen
anstandslos;Vertrauen
bereitwillig;Vertrauen
selbstverständlich;Vertrauen
unbedenklich;Vertrauen
beeindrucken;Vertrauen
beeinflussen;Vertrauen
bekehren;Vertrauen
belehren;Vertrauen
bereden;Vertrauen
einnehmen;Vertrauen
einreden;Vertrauen
erwärmen;Vertrauen
erweichen;Vertrauen
gewinnen;Vertrauen
interessieren;Vertrauen
mitreißen;Vertrauen
umstimmen;Vertrauen
ausreichen;Vertrauen
befriedigen;Vertrauen
entsprechen;Vertrauen
erfüllen;Vertrauen
trauen;Vertrauen
überzeugt;Vertrauen
recht;Vertrauen
bauen;Vertrauen
Vertrauen;Vertrauen
Desaster;Ärger
Katastrophe;Ärger
Stress;Ärger
Qual;Ärger
Kundenverarsche;Ärger
Horror;Ärger
allerletzte;Ärger
katastrophal;Ärger
widerlich;Ärger
nerven;Ärger
Ärger;Ärger
warnen;Ärger
Fehlschlag;Ärger
Fiasko;Ärger
GAU;Ärger
Fehlkauf;Ärger
Misserfolg;Ärger
Niederlage;Ärger
Schiffbruch;Ärger
Unglück;Ärger
Verhängnis;Ärger
Unheil;Ärger
Verderben;Ärger
Debakel;Ärger
Flop;Ärger
Reinfall;Ärger
Schlappe;Ärger
Pleite;Ärger
Anspannung;Ärger
Anstrengung;Ärger
Beanspruchung;Ärger
Mühe;Ärger
Strapaze;Ärger
Beschwernis;Ärger
Mühsal;Ärger
Schinderei;Ärger
Schwierigkeiten;Ärger
Quälerei;Ärger
Folter;Ärger
Misshandlung;Ärger
Schikane;Ärger
Peinigung;Ärger
Tortur;Ärger
Schmerz;Ärger
Hölle;Ärger
Plage;Ärger
desaströs;Ärger
entsetzlich;Ärger
erbärmlich;Ärger
fatal;Ärger
folgenschwer;Ärger
grauenerregend;Ärger
grauenhaft;Ärger
grauenvoll;Ärger
gräulich;Ärger
grausig;Ärger
haarsträubend;Ärger
misslich;Ärger
schaurig;Ärger
scheußlich;Ärger
schlimm;Ärger
schrecklich;Ärger
tragisch;Ärger
trostlos;Ärger
unerfreulich;Ärger
unerträglich;Ärger
verhängnisvoll;Ärger
verheerend;Ärger
übel;Ärger
unheilvoll;Ärger
unselig;Ärger
fürchterlich;Ärger
grässlich;Ärger
miserabel;Ärger
schauderhaft;Ärger
bestürzt;Ärger
entgeistert;Ärger
erschrocken;Ärger
erschüttert;Ärger
fassungslos;Ärger
schockiert;Ärger
erschlagen;Ärger
geschockt;Ärger
verdattert;Ärger
schmollen;Ärger
grollen;Ärger
hadern;Ärger
zürnen;Ärger
närrisch;Ärger
uneinsichtig;Ärger
unklug;Ärger
unsinnig;Ärger
unüberlegt;Ärger
unvernünftig;Ärger
wahnwitzig;Ärger
widersinnig;Ärger
bedrängen;Ärger
behelligen;Ärger
belästigen;Ärger
furchtbar;Ärger
scheisse;Ärger
nervt;Ärger
unmenschlich;Ärger
ätzend;Ärger
stören;Ärger
zusetzen;Ärger
anstrengen;Ärger
strapazieren;Ärger
ermatten;Ärger
ermüden;Ärger
mitnehmen;Ärger
barbarisch;Ärger
brutal;Ärger
erbarmungslos;Ärger
gnadenlos;Ärger
grausam;Ärger
herzlos;Ärger
mitleidlos;Ärger
skrupellos;Ärger
unbarmherzig;Ärger
unsozial;Ärger
seelenlos;Ärger
abgebrüht;Ärger
kaltschnäuzig;Ärger
bestialisch;Ärger
kaltblütig;Ärger
menschenverachtend;Ärger
menschenfeindlich;Ärger
ungerecht;Ärger
menschenunwürdig;Ärger
elend;Ärger
wüst;Ärger
höllisch;Ärger
irrsinnig;Ärger
jämmerlich;Ärger
abscheulich;Ärger
ärgerlich;Ärger
unfair;Ärger
blöd;Ärger
fies;Ärger
gemein;Ärger
mies;Ärger
uncool;Ärger
aufbringen;Ärger
aufregen;Ärger
brüskieren;Ärger
empören;Ärger
erbosen;Ärger
foppen;Ärger
fuchsen;Ärger
hochbringen;Ärger
dämlich;Ärger
plagen;Ärger
provozieren;Ärger
quälen;Ärger
reizen;Ärger
schikanieren;Ärger
verärgern;Ärger
verstimmen;Ärger
verdrießen;Ärger
aufgebracht;Ärger
empört;Ärger
entrüstet;Ärger
erbost;Ärger
gereizt;Ärger
grimmig;Ärger
missgelaunt;Ärger
missgestimmt;Ärger
misslaunig;Ärger
missmutig;Ärger
übellaunig;Ärger
verärgert;Ärger
verdrießlich;Ärger
verdrossen;Ärger
erzürnt;Ärger
ungehalten;Ärger
böse;Ärger
fuchsig;Ärger
gnatzig;Ärger
grätig;Ärger
stinkig;Ärger
hässlich;Ärger
leidig;Ärger
skandalös;Ärger
ungut;Ärger
unliebsam;Ärger
unschön;Ärger
dumm;Ärger
beknackt;Ärger
bescheuert;Ärger
beschissen;Ärger
scheiße;Ärger
ergrimmen;Ärger
stinken;Ärger
alarmieren;Ärger
vorwarnen;Ärger
abraten;Ärger
widerraten;Ärger
Standard;Zufriedenheit
Pluspunkte;Zufriedenheit
Erfolg;Zufriedenheit
schön;Zufriedenheit
gut;Zufriedenheit
zufrieden;Zufriedenheit
überdurchschnittlich;Zufriedenheit
ausgezeichnet;Zufriedenheit
ausreichend;Zufriedenheit
umfangreich;Zufriedenheit
erwähnenswert;Zufriedenheit
ideal;Zufriedenheit
einmalig;Zufriedenheit
okay;Zufriedenheit
bestes;Zufriedenheit
wunderbar;Zufriedenheit
top;Zufriedenheit
gerechtfertigt;Zufriedenheit
großartiges;Zufriedenheit
Ordnung;Zufriedenheit
praktisch;Zufriedenheit
beste;Zufriedenheit
optimal;Zufriedenheit
zufriedenstellend;Zufriedenheit
hervorzuheben;Zufriedenheit
mögen;Zufriedenheit
gefallen;Zufriedenheit
gefüllt;Zufriedenheit
bereichern;Zufriedenheit
zusagen;Zufriedenheit
ansprechen;Zufriedenheit
Anerkennung;Zufriedenheit
Attraktion;Zufriedenheit
Durchbruch;Zufriedenheit
Errungenschaft;Zufriedenheit
Fortschritt;Zufriedenheit
Gedeihen;Zufriedenheit
Gelingen;Zufriedenheit
Gewinn;Zufriedenheit
Glück;Zufriedenheit
Verkaufsschlager;Zufriedenheit
Zustimmung;Zufriedenheit
Zuspruch;Zufriedenheit
anziehend;Zufriedenheit
attraktiv;Zufriedenheit
bewundernswert;Zufriedenheit
bezaubernd;Zufriedenheit
fesselnd;Zufriedenheit
wunderschön;Zufriedenheit
ansprechend;Zufriedenheit
behaglich;Zufriedenheit
erfreulich;Zufriedenheit
gemütlich;Zufriedenheit
nett;Zufriedenheit
positiv;Zufriedenheit
reizvoll;Zufriedenheit
wohlig;Zufriedenheit
wohltuend;Zufriedenheit
ästhetisch;Zufriedenheit
elegant;Zufriedenheit
gefällig;Zufriedenheit
geschmackvoll;Zufriedenheit
stilvoll;Zufriedenheit
idyllisch;Zufriedenheit
malerisch;Zufriedenheit
anerkennenswert;Zufriedenheit
begrüßnswert;Zufriedenheit
bestens;Zufriedenheit
fabelhaft;Zufriedenheit
tadellos;Zufriedenheit
nützlich;Zufriedenheit
geeignet;Zufriedenheit
passend;Zufriedenheit
treffend;Zufriedenheit
vorteilhaft;Zufriedenheit
problemlos;Zufriedenheit
leicht;Zufriedenheit
mühelos;Zufriedenheit
umfassend;Zufriedenheit
vielfältig;Zufriedenheit
beispielhaft;Zufriedenheit
beispiellos;Zufriedenheit
ordnungsgemäß;Zufriedenheit
befriedigt;Zufriedenheit
erfüllt;Zufriedenheit
froh;Zufriedenheit
wunschlos;Zufriedenheit
akzeptierbar;Zufriedenheit
annehmbar;Zufriedenheit
anständig;Zufriedenheit
befriedigend;Zufriedenheit
brauchbar;Zufriedenheit
durchschnittlich;Zufriedenheit
hinreichend;Zufriedenheit
passabel;Zufriedenheit
tragbar;Zufriedenheit
vertretbar;Zufriedenheit
akzeptabel;Zufriedenheit
normal;Zufriedenheit
gängig;Zufriedenheit
befriedigen;Zufriedenheit
erfüllen;Zufriedenheit
genügen;Zufriedenheit
betonen;Zufriedenheit
herausheben;Zufriedenheit
herausstellen;Zufriedenheit
unterstreichen;Zufriedenheit
lieben;Zufriedenheit
schwärmen;Zufriedenheit
abfahren;Zufriedenheit
passen;Zufriedenheit
Enttäuschung;Enttäuschung
Zumutung;Enttäuschung
Problem;Enttäuschung
Pech;Enttäuschung
Kritikpunkte;Enttäuschung
Minuspunkte;Enttäuschung
Reinfall;Enttäuschung
Versager;Enttäuschung
schwierig;Enttäuschung
bescheiden;Enttäuschung
gewöhnungsbedürftig;Enttäuschung
erträglich;Enttäuschung
leider;Enttäuschung
stinknormal;Enttäuschung
enttäuscht;Enttäuschung
Skepsis;Enttäuschung
stinknormales;Enttäuschung
mittelmäßig;Enttäuschung
gewöhnliches;Enttäuschung
minderwertig;Enttäuschung
schade;Enttäuschung
schrecklich;Enttäuschung
bemängeln;Enttäuschung
meiden;Enttäuschung
vermisst;Enttäuschung
ungeeignet;Enttäuschung
versagen;Enttäuschung
enttäuschen;Enttäuschung
bedauern;Enttäuschung
Ernüchterung;Enttäuschung
Desillusion;Enttäuschung
Dämpfer;Enttäuschung
Frust;Enttäuschung
Frustration;Enttäuschung
Ansinnen;Enttäuschung
Frechheit;Enttäuschung
Rücksichtslosigkeit;Enttäuschung
Unverschämtheit;Enttäuschung
Erschwernis;Enttäuschung
Erschwerung;Enttäuschung
Schwierigkeit;Enttäuschung
Komplikation;Enttäuschung
Unannehmlichkeit;Enttäuschung
Beschwernis;Enttäuschung
Scherereien;Enttäuschung
Missgeschick;Enttäuschung
Unglück;Enttäuschung
Unglücksfall;Enttäuschung
Bauchlandung;Enttäuschung
Bruchlandung;Enttäuschung
Pleite;Enttäuschung
Unfähiger;Enttäuschung
Niete;Enttäuschung
Blindgänger;Enttäuschung
Null;Enttäuschung
Pfeife;Enttäuschung
angespannt;Enttäuschung
anstrengend;Enttäuschung
aufreibend;Enttäuschung
beschwerlich;Enttäuschung
hart;Enttäuschung
langwierig;Enttäuschung
misslich;Enttäuschung
mühevoll;Enttäuschung
mühsam;Enttäuschung
schwer;Enttäuschung
strapaziös;Enttäuschung
unangenehm;Enttäuschung
unerfreulich;Enttäuschung
ernst;Enttäuschung
gefährlich;Enttäuschung
kniffelig;Enttäuschung
heikel;Enttäuschung
kompliziert;Enttäuschung
kritisch;Enttäuschung
problematisch;Enttäuschung
vertrackt;Enttäuschung
verzwickt;Enttäuschung
ärmlich;Enttäuschung
armselig;Enttäuschung
beschränkt;Enttäuschung
gering;Enttäuschung
jämmerlich;Enttäuschung
kümmerlich;Enttäuschung
mäßig;Enttäuschung
mangelhaft;Enttäuschung
ungenügend;Enttäuschung
unzureichend;Enttäuschung
ernüchtert;Enttäuschung
gefrustet;Enttäuschung
geknickt;Enttäuschung
frustriert;Enttäuschung
Bedenken;Enttäuschung
Einwand;Enttäuschung
Misstrauen;Enttäuschung
Vorbehalt;Enttäuschung
Zweifel;Enttäuschung
billig;Enttäuschung
erbärmlich;Enttäuschung
fehlerhaft;Enttäuschung
geringwertig;Enttäuschung
schwach;Enttäuschung
spärlich;Enttäuschung
unbefriedigend;Enttäuschung
wertlos;Enttäuschung
unzulänglich;Enttäuschung
beschissen;Enttäuschung
dürftig;Enttäuschung
lausig;Enttäuschung
schäbig;Enttäuschung
zweitklassig;Enttäuschung
miserabel;Enttäuschung
beanstanden;Enttäuschung
kritisieren;Enttäuschung
monieren;Enttäuschung
rügen;Enttäuschung
ausweichen;Enttäuschung
ignorieren;Enttäuschung
übergehen;Enttäuschung
umgehen;Enttäuschung
vermeiden;Enttäuschung
fernbleiben;Enttäuschung
fliehen;Enttäuschung
fehlen;Enttäuschung
fehlt;Enttäuschung
deplatziert;Enttäuschung
falsch;Enttäuschung
nutzlos;Enttäuschung
sinnlos;Enttäuschung
unangebracht;Enttäuschung
unangemessen;Enttäuschung
unbrauchbar;Enttäuschung
unergiebig;Enttäuschung
unfunktional;Enttäuschung
ungeschickt;Enttäuschung
ungünstig;Enttäuschung
unnütz;Enttäuschung
unpassend;Enttäuschung
unpraktisch;Enttäuschung
unsinnig;Enttäuschung
untauglich;Enttäuschung
unzweckmäßig;Enttäuschung
verfehlt;Enttäuschung
zweckslos;Enttäuschung
unqualifiziert;Enttäuschung
unproduktiv;Enttäuschung
außerstande;Enttäuschung
unvermögend;Enttäuschung
dulden;Enttäuschung
ertragen;Enttäuschung
hinnehmen;Enttäuschung
verkraften;Enttäuschung
tolerieren;Enttäuschung
scheitern;Enttäuschung
ausfallen;Enttäuschung
aussetzen;Enttäuschung
ernüchtern;Enttäuschung
schlecht;Enttäuschung
nichtgut;Enttäuschung
