2fd3440e-8cf1-422d-8b6b-0ec1082cbebb	http://www.news.com.au/heraldsun/story/0,21985,23073784-664,00.html	0.94259816	0.9994658
3e28d03f-3cd2-4bfa-bf25-7b86c30f885b	http://www.hiphop-elements.com/article/read/4/12847/1/	0.94384235	0.996875
2281f3c1-7a86-4c4c-874c-b19964e588f1	http://computerworld.co.nz/news.nsf/news/C0B9E879800DCAA4CC2573CF003176CB	0.9853223	0.9990285
034f7376-18b6-43cc-b925-6d26399a3861	http://pressmediawire.com/article.cfm?articleID=4593	0.9487338	0.99984366
a63984ae-c4f1-4d08-bc05-7b6f884693c0	http://www.signonsandiego.com/news/world/20071231-1323-israel-palestinians.html	0.9598149	0.9735672
1e3a9cbb-b5b1-49f6-b298-1678abb097d1	http://www.oursportscentral.com/services/releases/?id=3580033	0.97003084	0.8882163
23d56f66-6760-47cf-b009-5af45c1ee8ca	http://www.pe.com/sports/golf/stories/Web_Hope_19.35c5e77e.html	0.9018568	0.9874031
234d1e0e-e44c-420a-b1ca-bb23fa66c26b	http://uk.eurosport.yahoo.com/18012008/1/fulham-wrap-hangeland-capture.html	0.9259259	0.9533898
ec407a8c-7d1b-4485-816d-39a1887f84b3	http://www.citizen.co.za/index/Article.aspx?pDesc=1,1,22&Type=top&File=080118125042.8xkgb4lh.xml	fail	fail
863498c8-24e3-4791-940a-6df0b19d8d9b	http://www.sciam.com/article.cfm?id=digital-album-packaging-s	0.9724733	0.99537426
c2b0a2b3-c05a-4b2f-be77-b81d0174d424	http://www.people.co.uk/sport/football/tm_headline=port-vale-1-luton-2&method=full&objectid=20268664&siteid=93463-name_page.html	0.9157754	fail
202aa517-9513-4a19-89ab-9db85ed9daeb	http://www.timesleader.com/news/ap?articleID=314196	0.98675495	0.9295072
bf325bf4-c5da-49e9-814e-a87be91604b9	http://www.wkyc.com/news/news_article.aspx?storyid=81135	0.92755103	0.91356784
f45a5bb8-923a-41b1-ab88-c639f06ce991	http://www.montanasnewsstation.com/Global/story.asp?S=7621124	0.6774744	0.8151951
97f71dae-f313-4471-bb0e-4906bad2a8e7	http://wjz.com/national/tiger.attack.affadavit.2.632801.html	0.93784785	0.8663239
498f4478-8912-415f-b016-0e2dd27a5356	http://www.hindu.com/2008/01/15/stories/2008011554711900.htm	0.9583333	0.7152377
137e6374-af11-45fc-80c4-1b68c2e44fe6	http://news.bbc.co.uk/2/hi/middle_east/7113419.stm	0.9601231	0.9638538
f5dc7145-5032-4c30-843b-fe2ae7525201	http://www.nbc11.com/entertainment/15081090/detail.html	0.8369099	0.9506536
5c80d04b-b09e-4f20-8373-404290d4bfe8	http://www.voanews.com/english/2007-11-19-voa35.cfm	0.9447347	0.9994179
e5a0cea3-1ee2-47fe-9aa0-89310c8aef70	http://www.pittsburghlive.com/x/valleyindependent/teenscene/s_545450.html	fail	0.9866741
d22d490a-95fe-41f9-a270-e4477a5ff358	http://www.worldsoccer.com/news/ramos_refuses_to_rule_out_berbatov_sale_news_171352.html	0.9797297	0.6807325
b7731ab8-beb0-420b-ac7e-c010bbebbca9	http://news.bbc.co.uk/sport1/hi/football/teams/l/liverpool/7177191.stm	0.9040853	0.9530957
3406bc70-cad0-4be1-8bb7-8277275455a0	http://www.blueridgenow.com/article/20080110/APS/801100873/Ovechkin_Signs_124M_Deal_With_Capitals	0.9312843	0.90274525
5748cf1b-e06d-464a-af5f-43d8ad0ab71d	http://www.mirror.co.uk/news/topstories/2008/01/18/top-cop-condon-we-could-have-saved-diana-89520-20289109/	0.9788998	0.96431226
bc04e8f8-ea16-4554-b31d-0c1f02ce07c7	http://www.sys-con.com/read/483058.htm	fail	0.8587285
0f0277a2-74b1-4d09-bead-e737a58c62df	http://uk.reuters.com/article/cricketNews/idUKSP26448020071228	0.91256833	0.94243795
c4957377-e321-402c-939f-6641657b3241	http://www.theboltonnews.co.uk/display.var.1935980.0.pace_star_sajs_bollywood_adventure.php	0.24788731	0.29940784
25cabb6c-7ad8-4022-ba43-7c7f89739678	http://www.pr-inside.com/new-zealand-to-carry-on-adventurer-r384328.htm	0.78611535	0.98526585
990c0b66-32f6-4897-b213-0972ccc97be8	http://www.al.com/news/mobileregister/index.ssf?/base/news/1199182521267330.xml&coll=3	0.97002065	0.985289
65819eb3-2f28-4d68-b120-e59a15f61343	http://www.smarthouse.com.au/iPods_And_Portable_Players/MP3_Players/L5P9M2H2	0.94200003	0.8945506
e906b620-e869-4ec5-a068-5d8256247536	http://soundpolitics.com/archives/009849.html	0.9887568	0.06789374
d35ceaa6-3fb5-4d60-bc6c-82f1a23bb59c	http://www.news.com.au/dailytelegraph/story/0,22049,23047306-5012964,00.html	fail	0.99801326
a612eec0-897a-4937-9a1b-e5963627c51d	http://uk.eurosport.yahoo.com/19012008/1/fulham-aim-secure-king-deal.html	0.96045625	0.9721578
2d25dd6c-5093-4be6-b801-d671416c2e61	http://www.news.com.au/story/0,23599,23016658-23109,00.html	0.96142304	0.9061868
693d6d1c-e073-49aa-9897-1ddd6895c6df	http://www.boston.com/sports/football/patriots/articles/2007/12/28/history_buffs	0.9733564	0.9891959
b14496fb-14ef-4438-9316-c161e61199fc	http://camden.yourguide.com.au/news/world/general/boy-killed-by-grandparents-rottweiler/1153293.html	0.9748954	0.9994635
b09fe710-8e21-48bb-abf7-1cc842b668ea	http://www.streetinsider.com/Press+Releases/Magellan(R)+Comes+Out+in+Force+at+CES+2008/3246143.html	0.9107329	0.9110049
1fce5a9f-8889-42e5-8cdc-2d5073e6e1d7	http://www.guardian.co.uk/brazil/story/0,,2238175,00.html	0.9483471	0.9613579
f3114a41-bbfc-48f3-b579-632d109ef859	http://www.hoopsworld.com/Story.asp?story_id=6895	0.92913085	0.9997944
0bf24489-9777-4821-a156-7897a890a4cd	http://news.bbc.co.uk/sport2/hi/cricket/7185056.stm	0.9460888	0.97598255
ce6830ee-9292-4855-be7b-c5fe64d347b2	http://www.pr-inside.com/bc-me-gen-iraq-8th-ld-writethru-r388034.htm	0.0	0.9966477
5bfcd62f-334b-4547-8ac2-7ce53cfa5f52	http://www.thestar.co.za/?fSectionId=492&fArticleId=nw20080107141820260C817160	0.98364675	0.98120916
66cd868e-04b3-477b-b421-fdc4f86d33bf	http://www.timesonline.co.uk/tol/news/world/middle_east/article3149340.ece	0.5078379	0.9483124
c3ff17df-1f1a-4c14-98f8-cfa94e3fade2	http://news.brisbanetimes.com.au/hitandrun-victim-pleads-for-help/20080108-1kq1.html	0.9830414	0.98495823
ecfa7c36-bc3f-4ee0-bdee-c8099f608fad	http://www.earthtimes.org/articles/show/165922.html	0.9669927	0.9741379
3164baec-188a-4116-9aed-a18041854535	http://www.tehrantimes.com/index_View.asp?code=161022	0.84928226	0.8497906
5da09e3a-ec6b-4cdb-8883-39ffa2fb8fdb	http://edition.cnn.com/2008/SPORT/golf/01/19/hope.classic.ap/	0.85366726	0.9404809
59822881-3c67-4068-afcc-5ff6b49954c5	http://icscotland.icnetwork.co.uk/news/uk/today/tm_headline=more-britons-in-blood-scandal&method=full&objectid=20335673&siteid=50141-name_page.html	0.96438235	0.07293129
b4fba381-44d3-48b1-89ba-6895597dcd95	http://www.newsobserver.com/1566/story/871586.html	0.9391063	0.99290085
50f75f84-f64b-4d08-87dc-b351742a4e4b	http://www.news.com.au/adelaidenow/story/0,22606,23025559-5006301,00.html	0.8887665	0.9264368
ad3b10d2-825b-4725-885b-7500186d6286	http://ichounslow.icnetwork.co.uk/nationalsport/tm_headline=black-cats-celebrate-home-win&method=full&objectid=20296660&siteid=106484-name_page.html	0.95748115	0.089938164
a9564b02-03fb-4dfc-afb3-7ebd4bcb48e9	http://www.thewest.com.au/default.aspx?MenuID=182&ContentID=54309	0.8845043	0.9713983
c6b87617-6980-4b92-a641-0df2f8414cff	http://blacktown.yourguide.com.au/news/national/sport/carle-sparks-aleague-interest/1153868.html	0.9809725	0.99969214
716e8d79-f223-4abf-9827-1a5676659ada	http://palgn.com.au/article.php?id=9908&sid=e2fef6b67afbaa084013ea19a9322cf5&title=PlayStation+Store+updated	0.9177102	0.81369424
63fc89f8-2608-4d2b-bf98-10af0d4cbb3c	http://toledoblade.com/apps/pbcs.dll/article?AID=/20080102/SPORTS09/801020434	0.95255214	0.99962264
3df0f8d9-5dff-4315-b21f-90cf9a1ff768	http://www.canada.com/ottawacitizen/news/sports/story.html?id=1fca663c-5913-4e45-b062-96f97d526bbe	0.807717	0.97906756
f3e73885-545e-4177-a3c4-ee1d3a4f0889	http://laist.com/2008/01/16/actor_brad_renf.php	0.9730861	0.9987708
7cf90d2c-8b57-4d9b-85aa-d623610533ea	http://www.canada.com/reginaleaderpost/news/sports/local/story.html?id=bebb6108-9a9d-4a82-a52c-b40757822495&k=83275	0.7836509	0.9698777
2d2c99c9-fc38-46ef-81a3-f2657448c08e	http://www.dailystar.co.uk/gossip/view/26147/Stars-slam-Arts-Council-grant-cuts/	0.9347166	0.9564541
901a630e-8fad-4591-9422-4a73163f9693	http://uk.eurosport.yahoo.com/29122007/58/premier-league-warnock-winning-lane-return.html	0.8639157	0.9398281
e71be961-e2f1-48e4-a2aa-16cad016a220	http://toronto.ctv.ca/servlet/an/local/CTVNews/20080107/missing_fisher_080108/20080108?hub=TorontoHome	0.7963387	0.97884345
6a736234-6ecf-4ff1-b977-ded25e67e71f	http://ukpress.google.com/article/ALeqM5himO5MUidMoL3VoHZOgYNJJsflpw	0.97273153	0.9932725
1b3baca6-e75b-47ad-8e92-4bd95b18fd3d	http://www.spiked-online.com/index.php?/site/article/4255/	0.9774713	0.9593588
7cc11b64-4fa3-4bcc-a989-6fe0ccbf2c71	http://www.publicopiniononline.com/sports/ci_7833644	0.95980465	0.97816926
b2c57c4e-7a1d-4924-9ff8-ed77de791299	http://www.dailynews.com/sports/ci_7964164	0.99587417	0.9997411
c7e22e46-148d-4555-838b-f4ab1f074c35	http://internetcommunications.tmcnet.com/topics/broadband-mobile/articles/18738-sprint-nextel-cut-4000-jobs-close-125-retail.htm	0.71010125	0.8728699
d30c53de-71c8-439b-9447-f4b7ebec511b	http://www.artzone.co.za/template_level2.asp?parentseq=3865	0.9430707	0.9341587
224aa27e-f2e2-41fb-97d5-13dc6df57cd6	http://www.myfoxhouston.com/myfox/pages/News/Detail?contentId=5441131&version=1&locale=EN-US&layoutCode=TSTY&pageId=3.3.1	0.88770735	0.99984026
d2f7d990-ebb4-43c6-b71c-f470592e3424	http://afp.google.com/article/ALeqM5jT32avvUfBstx_3FpzaequhjrYzg	0.9541643	0.99127907
5bdc9783-7e24-4721-a351-2bb7eb0b9ead	http://www.setantasports.com/en/Sport/News/Football/2007/12/30/Prem-Redknapp-on-Portsmouth/?facets/sport-space/great-britain-locale/	0.9357186	0.99676794
51600d8d-20a1-49a2-87f6-21aa9cb8dbed	http://www.computerworld.com.au/index.php/id;1988435329;fp;2;fpid;1	0.9250694	0.9996667
c308706e-3c6a-4337-a1ba-12684d69551c	http://www.hemscott.com/news/latest-news/item.do?newsId=57266946934941	0.88423425	0.93320656
7634af91-c989-485b-b0a3-3ea43181951f	http://www.gazettelive.co.uk/north-east-sport/latest-sport-news/2008/01/13/terry-set-for-scan-84229-20345001/	0.8970381	0.9799073
41caaf23-998b-4487-bc8d-e9e11d78f2c4	http://lfpress.ca/newsstand/Sports/Hockey/2008/01/18/4779852-sun.html	0.9370997	0.81809103
85ad7da4-4dea-4de6-9918-c71b6d5ec289	http://sports.espn.go.com/ncaa/news/story?id=3192267	0.97164774	0.987123
7d6b0455-5fe0-4344-9aa2-bb8c52d53ddb	http://www.nytimes.com/2007/12/29/sports/ncaafootball/29bowl.html	0.9118652	0.916132
fc775f2f-f1af-4671-a968-0b808c056af7	http://www.cbsnews.com/blogs/2007/12/31/politics/fromtheroad/entry3661801.shtml	0.9402985	fail
bdc7803f-ac9f-44db-8250-8779e8c33d3e	http://news.trend.az/index.shtml?show=news&newsid=1107762&lang=EN	0.98016465	0.9797829
099404be-59b2-4c67-bf94-eaa00d9b96fc	http://mybroadband.co.za/news/General/2414.html	0.9744131	0.9932778
082e02bd-40d9-40d2-9ab5-61cac83db2c1	http://www.koreatimes.co.kr/www/news/nation/2008/01/136_17238.html	0.9346782	0.99897224
fa832e49-f69f-4117-91c1-c6628a3e18b1	http://www.radionz.co.nz/news/latest/200801140647/summer_report_local_papers	0.7251808	0.78060865
ff2c38ec-39a8-4486-b362-5b957ecd2d1a	http://www.nytimes.com/2007/12/06/world/middleeast/06palestinians.html?ref=world	0.8711045	0.93643034
8863053e-84ab-42c4-b977-58a4953109a6	http://www.timesonline.co.uk/tol/news/uk/article3185885.ece	0.79779613	0.9738989
6150b773-c43b-4232-84b4-a9299a6b1f3b	http://www.examiner.com/a-1153418~Sacred_Heart_wins_debut_as_No__1.html	0.60340905	0.72664833
66c26d22-59e3-49fc-aaa0-210f5ca5dda4	http://www.earthtimes.org/articles/show/169971.html	0.9721048	0.97269624
561daa57-344c-404f-b683-67dc8b5a398e	http://www.kalingatimes.com/variety/news_20080113-bigadda.htm	0.9676821	0.99563915
bf0cea44-79ba-4619-b8b7-4d1ecd78f7b5	http://www.nydailynews.com/gossip/2008/01/05/2008-01-05_dr_phil_sez_britney_spears_needs_psychol.html	0.64052546	0.66421175
e651a01c-15f3-461b-aadb-9cb1a4371acc	http://www.pgatour.com/2008/tournaments/r006/01/14/choi011308/	0.7453229	0.9307952
9a2186bf-0948-47cc-a19a-83c0e01ad288	http://www.ecanadanow.com/content/view/2727/	0.87991023	0.99872446
11bb473f-d01a-49f2-906c-c0608bb2987c	http://rousehill.yourguide.com.au/news/world/sport/undersiege-kemble-quits-as-kiwi-coach/1165475.html	0.9786682	0.99970543
d43791da-4a90-4f9c-aafe-018b56e2adcd	http://southernledger.com/ap/Canucks_Edge_Isles_3-2_in_Shootout	0.59554064	0.91931903
2a3c5970-b76f-4b02-b7aa-1fa8a809109e	http://www.summitdaily.com/article/20080117/AE/926800935	fail	0.89648175
89329982-007b-42ae-af61-c96b111b717e	http://www.planet-f1.co.za/story/0,18954,3213_3030401,00.html	0.9732577	0.9728415
b89b4068-c3d3-4a86-990a-713721f7e034	http://www.presstv.ir/detail.aspx?id=36764&sectionid=351020202	0.8981233	0.8989267
39db369d-707f-4782-9971-329f2761246e	http://africa.reuters.com/wire/news/usnL0813407.html	0.9589002	0.9941194
acc703fe-acb1-4b90-909e-63d6cb275241	http://www.morrisdailyherald.com/articles/2008/01/11/national_news/681bowman.txt	0.94384575	0.5840646
efee8480-f7e3-417c-bc04-76b12186761f	http://ledger.southofboston.com/articles/2008/01/18/life/life02.txt	fail	0.9125087
17601c3c-ccd4-45aa-9b2e-b50a5e59db0c	http://bleacherreport.com/articles/6770-NHL-Toronto_Maple_Leafs-Toronto_Maple_Leafs_vs_Boston_Bruins_Pre-Game_Report_-160108	0.9410569	0.9497925
a5446936-10a6-49f7-b53f-886b8a4c1fc1	http://mangalorean.com/news.php?newstype=local&newsid=63861	fail	0.9912871
5b6ac14e-7c41-40c3-983f-206b44408f68	http://news.brisbanetimes.com.au/smart-cars-will-watch-roads-while-drivers-minds-drift/20080108-1kv7.html	0.9141429	0.9409806
ff2265f2-a751-441a-b03a-135bfeb25b1e	http://www.hindu.com/2007/12/30/stories/2007123054320900.htm	0.9266247	0.5789129
055c4531-068a-4c10-8d43-5316c874f7ef	http://opinionator.blogs.nytimes.com/2007/12/27/that-way-icutting-lies/?ref=opinion	0.9289474	0.9805014
6f9799e1-42e2-44f7-80ac-48d333b3128f	http://www.pittsburghlive.com/x/dailycourier/socialcolumn/s_546364.html	fail	0.98876727
59ba8431-36f4-4fc1-8790-47252406acd1	http://www.khaleejtimes.com/DisplayArticleNew.asp?xfile=data/theuae/2008/January/theuae_January349.xml&section=theuae&col=	0.9443473	0.9443311
ceaaf8b9-4739-4250-9d9d-f868e68872fc	http://news.independent.co.uk/uk/legal/article3255693.ece	0.9738292	0.9897583
4abb4be9-a9af-4ede-8857-05a9bca43683	http://www.kdbc.com/Global/story.asp?S=7565791&nav=menu608_2_5	0.73861384	0.80735934
47a8d151-27d9-4f98-90eb-27aaad2e9edd	http://ap.google.com/article/ALeqM5gkx-3oYeFwuWKCusr2jrojs98w8wD8U6BNCO1	0.8776387	0.9738806
2b728946-d10a-43e1-8a30-3a92e73a1b63	http://www.madison.com/tct/entertainment/267827	0.9680426	0.98296374
057c5601-dd2a-455b-b736-e144c3bc4d4e	http://www.sfgate.com/cgi-bin/blogs/sfgate/detail?blogid=15&entry_id=22695	0.85714287	0.86634237
36e4ee1c-fcb5-4d80-b707-e0ad3c9e3da6	http://www.chroniclelive.co.uk/north-east-news/uk-and-world-news/2008/01/14/body-set-to-protect-children-on-tv-84229-20346427/	0.9681172	0.99424267
fab5142d-38ab-4086-ae11-1cf751602360	http://www.oregonlive.com/newsflash/international/index.ssf?/base/international-41/1200663869175060.xml&storylist=international	0.94849634	0.92608845
e38e4e4a-bc04-4d94-b8f8-e925b3928905	http://www.ecanadanow.com/content/view/2404/	0.87189054	0.9971469
609e485c-9c0b-4617-93df-bcb25f20a460	http://oheraldo.in/pagedetails.asp?nid=7295&cid=2	0.9582993	0.9915254
43fb5dbe-6f8c-45f8-bd59-7b258df028fb	http://mwcnews.net/content/view/19056/0/	0.6393541	0.9760654
9c0924df-d9f0-4c10-9a0c-c88326cdbb59	http://www.dailytimes.com.pk/default.asp?page=2008%5C01%5C14%5Cstory_14-1-2008_pg7_40	0.9654471	0.94905096
6e371db7-72dc-4e89-9bc5-2c259cf456e1	http://www.theaustralian.news.com.au/story/0,25197,23065309-5013406,00.html	fail	0.9974925
e41000b9-a447-477a-a41c-fd717b62f3b9	http://blogs.zdnet.com/BTL/?p=7638	0.8272595	0.7943868
f535db06-a427-41ec-bc3a-e4efd8060314	http://www.contracostatimes.com/science/ci_7896768	fail	fail
fbf01fe1-3317-49af-b820-1c0ea5e1acb7	http://www.cbc.ca/canada/newfoundland-labrador/story/2007/12/27/happiness-atlantic.html	0.9092929	0.9976879
e9bf9374-69d7-42fa-9575-b5b859b33b26	http://www.sportbox.tv/football/news/story.php?id=258337	0.96318555	0.99921995
c4834aad-4ac0-4f34-87aa-64f9561f274e	http://www.pennlive.com/newsflash/national/index.ssf?/base/national-98/1200317946267270.xml&storylist=national	0.95597017	0.8798077
539e836c-8e8c-4380-a91c-cd50c885e040	http://www.associatedcontent.com/article/548643/client_star_brad_renfro_dies.html	0.9327768	0.99905795
5bc1e7d3-e6ad-4094-b3e9-f49fbe7d8a05	http://www.sportinglife.com/football/news/story_get.cgi?STORY_NAME=soccer/07/12/31/SOCCER_Newcastle_Mort.html	0.9875733	0.8956767
087f7e09-127b-4637-a436-139e0aa00217	http://www.acorn-online.com/news/publish/wilton-sports/27745.shtml	0.95857054	0.95887375
df234055-0922-404f-a14f-6dbefbeea1a8	http://www.wdtn.com/Global/story.asp?S=7688686	0.85487807	0.934492
2faf4aab-6e1d-4a6a-a43e-a216e2c7170f	http://abcnews.go.com/Technology/wireStory?id=4133814	0.0	0.0
468b40e4-c403-43f0-a087-cb2018da9a25	http://www.khou.com/news/state/stories/khou071228_rm_digitalbillboards.5dc77412.html	0.7777778	0.99501246
fd7c4143-fb99-4572-bcea-6c07eb66f2af	http://itsneak.itweek.co.uk/2008/01/bills-bills-bil.html	0.90654206	0.82465464
3006baa7-a951-4b4f-a692-ce47f746f80e	http://www.localnewswatch.com/benton/stories3/index.php?action=fullnews&id=229034	0.9389034	0.99833333
df467cc0-d9c5-4631-9ace-49d46df67f40	http://ca.reuters.com/article/entertainmentNews/idCAN1444635620080115	0.9739966	0.98400915
92cf9d9b-8a41-479a-baae-eef3dd0746ae	http://afp.google.com/article/ALeqM5jM1gdF6gr1pyrseqsoPWt4WFLnvw	0.9621212	0.999508
7ab747e2-f8c6-4511-aab3-cbc63dfeedf5	http://www.star-ecentral.com/movies/buzz/buzz.asp?file=archives/buzz/2008/1/8DiCaprioat&date=1/8/2008	0.902439	0.9963964
a118b090-681e-4800-ba6c-d0d540c12bad	http://www.dailymail.co.uk/pages/live/articles/sport/football.html?in_article_id=507895&in_page_id=1779	0.83489096	0.88448846
59dd28e2-00d9-48f4-ad84-50409f67788b	http://localnewsleader.com/jackson/stories3/index.php?action=fullnews&id=238768	0.92553675	0.96934867
2ca161aa-6f21-44ca-889a-ae4aaedf428b	http://www.goal.com/en/Articolo.aspx?ContenutoId=539140	0.94626427	0.90820694
14b84dfd-8f2c-4a91-b493-18174ad4c7db	http://www.mlive.com/newsflash/index.ssf?/base/international-3/1199748559235770.xml&storylist=international	0.9987304	0.9562399
0cab2c4b-d0ff-47fb-80a0-5cfd391f3d94	http://www.winonadailynews.com/articles/2007/12/30/sports/02vikings.txt	fail	0.9902414
79bc594a-ae6d-4549-833a-cd74270619a2	http://www.ctv.ca/servlet/ArticleNews/story/CTVNews/20080111/premiers_080111/20080111?hub=Politics	0.9131816	0.17206126
710140ea-f7ed-4c61-b35c-989ad4006505	http://news.bbc.co.uk/1/hi/uk/7127050.stm	0.0	fail
306562b5-4fda-4853-9b2c-72573f887320	http://www.mtv.com/news/articles/1579744/20080116/foxy_brown.jhtml	0.937046	0.99677837
3b0a9e0f-f7fa-4d2d-8f73-d4fe2f4551e3	http://www.earthtimes.org/articles/show/167638.html	0.9719037	0.91080064
6d6054c4-e0a3-4c78-a790-b59b1ae803cc	http://sport.guardian.co.uk/breakingnews/feedstory/0,,-7235758,00.html	0.9297246	0.99897856
8f167db5-c23b-4df6-be0f-99a9f700b9d6	http://news.smh.com.au/us-team-create-clones-from-adult-cells/20080118-1mpb.html	0.9389744	0.9104923
e57a9f8c-1c9a-43f7-8cd5-a36c9eb205ff	http://www.thebramptonnews.com/articles/2991/1/How-many-lives-can-you-save-in-2008/Page1.html	0.41532415	0.9962704
d0326819-68c7-4a48-ac7e-f5d9bb72fd9b	http://www.smh.com.au/news/world/cyclone-rips-through-villages-killing-1100/2007/11/17/1194767020671.html	0.9558316	0.9601387
3ae52969-702a-4125-993f-807f69ce6067	http://www.reuters.com/article/africaCrisis/idUSL10648762	0.9702626	0.9993479
34bd51f1-ca02-4f37-a9ce-ba374ec29b98	http://localnewsleader.com/jackson/stories3/index.php?action=fullnews&id=235893	0.9452486	0.9440603
4a70d19d-3751-4eda-b02f-76513cbbf022	http://afp.google.com/article/ALeqM5hlNtahwBrfLHUltBMP4V69zc2iCQ	0.9286103	0.99241984
2fc045e8-a8a6-4ae4-9269-a8892fe69085	http://sport.independent.co.uk/cricket/article3324383.ece	0.94563663	0.97925925
de8d7eb4-bc80-48b6-93fa-2434fc3d0c1b	http://online.wsj.com/article/SB119623852051906427.html?mod=googlenews_wsj	0.8816156	0.933432
a9c72165-89b3-4eab-b9cc-9e389a869b5e	http://www.thecheers.org/news/South-Asia/news_7412_Modi-to-meet-Amma-over-lunch-today.html	0.0	0.0
66bf2973-9821-4f0c-ac2b-df1a9fb07368	http://www.sportinglife.com/football/premiership/news/story_get.cgi?STORY_NAME=soccer/08/01/10/SOCCER_Watford.html&TEAMHD=premiership	0.99097645	0.917063
d17320fd-2675-41f0-b5c7-9152998d8053	http://www.hdnews.net/wirestories/p0734_BC_Yemen_Attack_3rdLd_Writethru_01_18_0726	0.9585427	0.94988066
67872f6e-beb1-4c40-a6eb-c21bf419ac69	http://blog.washingtonpost.com/behind-the-numbers/2008/01/race_sex_and_the_battle_for_th_1.html	0.6923077	0.6973134
7a4c1a97-8477-4d4b-9abf-3516eacdda7d	http://www.buckinghamtoday.co.uk/latest-entertainment-news/Exbeauty-queen-out-of-hijack.3666648.jp	0.8845727	0.9170507
91ddef71-34df-4c73-a1bc-487603a7b191	http://www.boston.com/news/local/articles/2007/12/31/pakistan_muslims_recall_bhutto	0.90354526	0.99109274
2fe54bd6-12b9-470c-984b-624a37fee3cc	http://www.sfgate.com/cgi-bin/blogs/sfgate/detail?blogid=7&entry_id=23515	0.9650122	0.9891395
9b8b6d87-74a3-422b-a972-33f31608ebbc	http://www.contracostatimes.com/bayandstate/ci_7961953	fail	fail
9377babb-ac44-4390-8fc4-4f5109e6f7ea	http://www.canada.com/theprovince/news/story.html?id=12f84c94-ee4a-4262-afe6-f8bc86bd25f6&k=37506	0.9012731	0.96629524
cb5cb16c-9a2e-4a00-9480-43cb90faac9d	http://www.cbn.com/CBNnews/303989.aspx	0.94426227	0.8749367
75feb450-9072-4e2e-bd22-2cf944dd99d8	http://www.bangkokpost.com/sportsplus/sportsplus.php?id=124744	0.9369202	0.8737024
719433cf-74fb-4ea7-b358-12befcec8e86	http://www.newindpress.com/NewsItems.asp?ID=IER20080106232211&Page=R&Title=Kerala&Topic=0	fail	0.9454817
a3dfffbb-c567-46dc-8bda-211fb73172f9	http://www.webpronews.com/topnews/2007/12/28/apple-to-patent-line-cutting-technology	0.82545245	0.8865204
91d80ea7-8e5e-425c-a395-f8f8a9aea609	http://www.newsone.ca/piercelandherald/stories1/index.php?action=fullnews&id=114035	0.8253546	0.60278404
63264f14-9a02-45de-bf45-f0d77a7248e0	http://www.inthenews.co.uk/sports/denmark/countries/spain/hamilton-raring-go-again-$1185948.htm	0.98587024	0.93991417
a493763a-819b-4ac7-971f-0a5693d4fb6d	http://www.springfieldnewssun.com/s/content/oh/story/sports/college/wsu/2008/01/17/ddn011808wsubb.html	0.89932585	0.9985549
d0d25fb4-8ce7-4941-a2f8-ada8fe205b5f	http://news.smh.com.au/ministers-to-visit-to-flooded-qld-north/20080114-1lsu.html	0.94332856	0.96655643
8ccad1a2-e889-4832-b8e9-c571b8078986	http://www.crunchgear.com/2008/01/06/netgear-ces-cavalcade-wire-line-and-hotter-wireless/	0.9744475	0.9915612
907e52d9-4df4-46d0-86ff-911dacc1e94b	http://icbirmingham.icnetwork.co.uk/0200sport/0100news/tm_headline=jewell-close-to-striker-move&method=full&objectid=20303370&siteid=50002-name_page.html	0.8238636	0.40143967
f78548bd-68b7-485a-9ffd-07a0ac5d9a16	http://www.ledger-enquirer.com/252/story/215649.html	0.9734458	0.985764
39edc13b-7c4d-4c89-816c-56457e99d443	http://canadianpress.google.com/article/ALeqM5hsKTkZpJewWa0X9PyKEqd66eaVFQ	0.988836	0.9977831
b34e22da-8a92-428e-8de5-a442eacdf0b0	http://www.ctv.ca/servlet/ArticleNews/story/CTVNews/20080110/schreiber_mulroney_080110/20080110?hub=Politics	0.94020116	0.94020116
251da42b-216b-4b09-be6e-9427ef76eeb8	http://www.sunherald.com/312/story/286555.html	fail	0.94588464
22a72ae6-d51b-4fb2-aa0f-73cc44371901	http://www.wmur.com/money/15117227/detail.html	0.6972395	0.7668952
81cc3003-08c2-4d9c-82ee-f669d97928fb	http://www.inthenews.co.uk/news/poland/countries/poland/longer-legs-more-attractive-$1189667.htm	0.94321764	0.70844996
85a379f9-7264-4cae-a1fa-b96df7875688	http://www.localnewswatch.com/skyvalley/stories3/index.php?action=fullnews&id=232986	0.9218352	0.9349418
c6604e4c-239d-43df-9023-906bc4136622	http://www.news.com.au/story/0,23599,23041688-23109,00.html	0.95933264	0.911384
efc2e03c-c234-482f-9636-fbb6e506c6eb	http://www.marketrasenmail.co.uk/latest-national-sport/India-in-control.3688653.jp	0.9065828	0.9350325
a223183e-1671-45e4-a398-514d764a0c99	http://afp.google.com/article/ALeqM5htBSk6FNRASn7sbYMGoifTZcUdfw	0.97502756	0.9947507
7ada7ff8-c70e-45f7-a3d8-4a3bd996d83d	http://www.ft.com/cms/s/8983a7fe-bf1d-11dc-8c61-0000779fd2ac.html	0.9059614	0.99081725
c7592d94-b244-4995-bc53-553614804b87	http://www.telegraph.co.uk/sport/main.jhtml?xml=/sport/2008/01/10/sfntot210.xml	0.7236927	0.885518
b31cc3b5-69d3-450d-95fc-95e095708222	http://www.sportsaustralia.com/articles/news.php?id=2870	0.94373673	0.9491103
5906d5db-cac8-496a-b46e-927308b95e0a	http://www.anatoliantimes.com/hbr2.asp?id=&s=int&a=080108170636.x6apasg5	0.0	0.9997736
8a7a23cf-c43a-49d4-833b-b741f5e04633	http://www.eastottawa.ca/article-cp31213021-Regulator-orders-airlines-to-drop-extra-charges-for-disabled-passengers.html	0.9506841	0.9993311
d6b20c9f-8611-42fd-a6b3-bc90d70e7f8a	http://www.efluxmedia.com/news_MESSENGER_Probe_Prepares_for_Mercury_Flyby_12719.html	0.9631478	0.9897436
a745e119-1b4b-4b6f-9423-cfb08c063763	http://www.localnewsleader.com/elytimes/stories3/index.php?action=fullnews&id=233025	0.8317647	0.9239843
d9e50b32-13b4-4d19-9e12-17e3b0e2fbda	http://www.komotv.com/news/entertainment/13896072.html	0.9340615	0.9655647
53323210-d16e-4ad2-8ab8-0fffd93797a0	http://www.itworld.com/Comp/1184/apple-unveils-fastest-ever-macs-080108/	0.9453916	0.9984017
f4eced52-6b78-4310-b54a-a7aeec6e6fc0	http://www.pcw.co.uk/vnunet/news/2207211/eu-opens-cases-against	0.9129712	0.53891623
56062aa5-b833-4f50-a1f0-77e75ca29c2c	http://www.localnewsleader.com/olberlin/stories3/index.php?action=fullnews&id=228696	0.9239259	0.9665704
cd054177-da92-40c0-bc1e-687a8f6cc93e	http://cars.about.com/b/2008/01/08/photo-gallery-2009-hyundai-genesis.htm	0.96847415	0.9903038
fe6a4a0e-b8c3-4937-b6a3-9c5a71658d86	http://www.sfgate.com/cgi-bin/article.cgi?f=/c/a/2008/01/19/SP7SUHVFC.DTL	0.93279135	0.9994189
b7350689-bad9-4119-931e-f89b8f72dbac	http://www.business-standard.com/common/storypage_c.php?leftnm=10&bKeyFlag=BO&autono=310139&chkFlg=	fail	0.9773836
b5897149-9e36-42a5-b5da-c6e44d719c4d	http://www.whotv.com/Global/story.asp?S=7596248&nav=2HAB	0.8207481	0.86726326
c1f31885-149e-4a58-aa82-1b6b325d7468	http://www.guardian.co.uk/uklatest/story/0,,-7139509,00.html	0.9073724	0.9079445
5843a1df-d710-4e8b-abba-fe0ba9dd1c77	http://uk.reuters.com/article/cricketNews/idUKL1830589920080118	0.96416664	0.94983554
1f1352a1-de41-4cc3-a7cf-fb83a326613e	http://www.palmbeachpost.com/sports/content/sports/epaper/2007/12/27/1227parcellssidebar.html	fail	0.99865
be1b13c9-558b-4fe7-ac59-397e02635602	http://www.dnaindia.com/report.asp?newsid=1144009	0.9871442	1.0
111aecd5-b645-4302-ac9f-f8826dfc2349	http://www.pr-inside.com/reports-taiwan-opposition-surges-to-r383202.htm	0.5128205	0.95010847
ea1fc771-66e0-415b-a499-d4f64beb87c0	http://www.supersport.co.za/soccer/article.aspx?id=239359&headline=SuperSport%20to%20put%20three%20on%20transfer	0.94666666	0.9943915
de230665-1128-441f-8261-b3dadd94ec5a	http://www.leadingthecharge.com/ViewArticle.aspx?id=227588&source=2	0.9738525	0.98082155
5403d1f1-6732-4d97-9bf0-630703eb35de	http://www.dailypress.com/business/dp-biz_attacks_0101jan01,0,6881333.story	0.9854394	0.94231725
131d9e57-e21c-44ea-93e2-57df3e949104	http://www.earthtimes.org/articles/show/171625.html	0.96641535	0.89127684
c59551c4-da84-4371-ad98-053bd0abb801	http://aawsat.com/english/news.asp?section=1&id=11460	0.98847455	0.99977136
38d88b3f-ede8-4c69-903e-b0e778986172	http://www.sportinglife.com/football/overseas/other/story_get.dor?STORY_NAME=soccer/08/01/02/manual_121428.html&TEAMHD=foreign	0.9657795	0.76412964
6fea31cc-e82d-4f2c-b484-211a8765c0aa	http://bleacherreport.com/articles/5508--SPL_Mourns_for_O_Donnell-291207	0.5875876	0.7247247
68e659b0-292e-478d-a42a-a883fb54ce0a	http://www.thehindubusinessline.com/mentor/2008/01/14/stories/2008011450981300.htm	0.9766637	0.96115655
d234a669-51ed-458c-ac30-1c8c927270b0	http://www.heraldtribune.com/article/20080110/FEATURES/801100553/-1/newssitemap	0.8778899	0.98236126
05547ae6-a9ec-47c8-8a5a-eeca8aca8426	http://www.sjsuspartans.com/ViewArticle.dbml?DB_OEM_ID=5600&ATCLID=1366611	fail	0.99555063
721afb1f-ed4d-4139-995b-5dcbf9e99351	http://www.musicomh.com/films/charlie-wilsons-war_0108.htm	0.9886629	0.9952846
10abe0fd-d700-41a5-932c-6252b9c65b7e	http://www.canada.com/vancouversun/news/westcoastnews/story.html?id=f905634a-5878-4706-9db6-6b1b2d605eba	0.47283238	0.90198123
0cb28c3b-4bc4-445e-ad3f-f16eb15d3956	http://apcmag.com/7780/apple_updates_macpros_and_xserves_doubles_performance	0.94710326	0.99911386
b7248afb-e008-4543-8551-f528763ac2f0	http://www.onelocalnews.com/chandlernews-dispatch/stories1/index.php?action=fullnews&id=118855	0.70200574	0.9959316
35ab6379-1365-471f-a67c-160b97d06985	http://www.reuters.com/article/latestCrisis/idUSN21261391	0.9769989	0.9995516
c98e6425-21c1-477c-8dab-c32c970a9779	http://www.bloomberg.com/apps/news?pid=20601101&sid=a3wJQohP8pyo&refer=japan	0.89620656	0.896679
9b10bc9e-0792-40d4-b904-d48653c377cc	http://icstaines.icnetwork.co.uk/news/tm_headline=more-britons-in-blood-scandal&method=full&objectid=20335659&siteid=106484-name_page.html	0.96438235	0.075268805
5f4e6c44-62e3-4abd-b0ee-faa7f2a7f735	http://wnyt.com/article/stories/S297762.shtml?cat=300	1.0	0.99935776
fcb21363-2eb4-4cd8-8416-3a18a6bb1b76	http://www.winnipegfreepress.com/editorial/story/4102891p-4701176c.html	0.9636672	0.9396952
a8b63fd5-e606-4c82-ac0a-963e9a1eaf5d	http://www.cnn.com/2007/WORLD/meast/11/29/bin.laden.message/	0.5370095	0.89468455
dd2feca5-2db5-45d5-a148-b0b5cc1083c3	http://www.nebraska.tv/Global/story.asp?S=7595203&nav=menu605_4	0.71415854	0.81836736
f97fa932-1f94-4803-9ef8-7a5e7b676058	http://www.undercoverhd.com/news/Story.aspx?id=3863	0.8935185	0.8935185
2361fdbc-0d7f-42a6-9434-8e3370e558d1	http://www.tech.co.uk/computing/computer-hardware/news/do-sub-notebooks-threaten-macbook-air?articleid=948218094	0.9531464	0.9741684
a71f1646-cdf7-4212-810b-db5a66341462	http://www.boston.com/news/world/latinamerica/articles/2007/12/30/colombia_hostage_release_put_off_another_day	0.8099363	0.8823203
d588964c-c4ff-46bb-b426-3cfe9a882894	http://www.clubcall.com/index.jsp?storyID=331198	0.88807786	0.9972603
552fe66a-bcde-47b4-bc3d-3aed14727e6e	http://www.bloggernews.net/112983	0.77682304	0.8070407
957b9663-2c61-44cd-824e-aff3d5e90826	http://dtv.broadcastnewsroom.com/articles/viewarticle.jsp?id=278221	0.9517844	0.9615533
2454a2b5-a0b6-44c9-8d57-0406afc93e01	http://www.digitalspy.co.uk/tv/a82108/dave-berry.html	0.9791625	0.9991893
0acd5213-35e1-4039-adb5-6c7611911b9e	http://glosslip.com/2008/01/07/former-american-idol-jessica-sierra-skips-serious-jailtime-goes-directly-to-rehab/	fail	0.98286366
7c36391e-5aa1-4276-bc8b-d76f5986c0e9	http://icharrow.icnetwork.co.uk/nationalsport/tm_headline=skrtel-close-to-reds-switch&method=full&objectid=20326416&siteid=106484-name_page.html	0.9451176	0.10768074
16334064-8cc1-4ec6-ba74-e8c976c18913	http://www.halifaxcourier.co.uk/nationalsport/Gill-Glazers-have-been-vindicated.3663034.jp	0.9062196	0.9357752
234b1541-c17b-4432-8c62-0709093acdb5	http://www.columbusdispatch.com/live/content/sports/stories/2008/01/08/hasselbeck0108.ART_ART_01-08-08_C1_OA90CPD.html?sid=101	0.9127411	0.9288633
9f873f81-0ee8-49ea-bdb0-6b5b49730aef	http://www.hindustantimes.com/Redir.aspx?ID=ef885032-bb1d-43f5-9313-7b732e878ef1&ParentID=cb978076-721e-4583-9961-7b2a189a87c1	0.99936265	0.99936223
c4fa8a20-354a-43e7-b61c-b7294a0e9a80	http://news.brisbanetimes.com.au/eight-thai-soldiers-killed-in-rebel-ambush-army/20080114-1lyg.html	0.9285714	0.9440789
754e1ae9-2d75-4b42-8872-d881c68eee13	http://www.berkshireeagle.com/headlines/ci_7940968	fail	fail
30dd06f6-6568-44f8-bae1-71c90366db7c	http://www.securitypark.co.uk/security_article260277.html	0.9377815	0.7414254
f5c86ef9-f3df-4556-8cad-abb2727c0a7d	http://www.fxstreet.com/news/forex-news/article.aspx?StoryId=9a1ac7d6-4241-4a13-accd-41f4893ace55	0.72149533	0.4509346
28f2a0f0-ec7d-4d4f-8489-261e51b638d8	http://www.nbc11.com/news/14948417/detail.html	0.79761904	0.9741893
9facdee2-a062-4d23-b26f-d95745f80618	http://news.bostonherald.com/news/national/south/view.bg?articleid=1065237	0.9490358	0.951953
bb2ddb38-9ac2-43d4-bfe0-9018fdeaf46b	http://www.thedenverchannel.com/nba/15009143/detail.html	0.98141265	0.99775493
f6a3b053-d6fa-4e39-af3b-4bd5ea041057	http://www.digitalspy.co.uk/soaps/a82429/corrie-couple-are-confident-about-future.html	0.71198714	0.842317
e2433e37-04cf-4ba7-a77c-4b4aa1d53a6b	http://wollondilly.yourguide.com.au/news/national/general/struggle-to-contain-wa-bushfire/1153842.html	0.97464466	0.99960583
8cad55ae-6c20-41d6-9bf4-3f5e555137ce	http://www.ohio.com/news/12908806.html	0.4873765	0.38112992
fffdcc2c-4c1b-496f-882a-baa8bacd2857	http://www.ndtv.com/convergence/ndtv/story.aspx?id=NEWEN20070037166&ch=12/29/2007%2011:03:00%20AM	0.8850716	0.9995379
579ffb2b-aeb2-467c-b881-88200e0b7a6e	http://www.gazettelive.co.uk/north-east-sport/latest-sport-news/2007/12/30/ramos-makes-berbatov-plea-84229-20297396/	0.9280523	0.98990685
dec2e642-9470-4cd3-a902-bd68a52b2a53	http://www.earthtimes.org/articles/show/172216.html	0.9652956	0.97279793
4c2e30be-6544-4920-9992-889534d0b877	http://www.guardian.co.uk/feedarticle?id=7210554	0.8972845	0.9570707
df1055f7-6071-416a-b7ed-006ef9715cfa	http://www.abcactionnews.com/sports/nba/story.aspx?content_id=02e886be-a21b-4863-a59b-6a09e69c9e68	0.85997355	0.9169014
16a1fc25-accc-4451-ae8a-b6e1d378eef3	http://afp.google.com/article/ALeqM5gfiHrgJ5ix1d5_2vEPz4r3YH2Wew	0.9579251	0.9922295
bfa0f68e-0141-4671-a6ca-662afee7668e	http://news.bbc.co.uk/2/hi/uk_news/7178193.stm	0.94231343	0.8911607
50e9c98c-fd0f-4d2e-b4f7-bf58a42e07dc	http://www.hindu.com/thehindu/holnus/001200801111540.htm	0.9529914	0.9540107
a07b7b8a-d2b3-4b10-aded-15859ce772b5	http://www.reuters.com/article/entertainmentNews/idUSN0844106620080108	0.92963886	0.9796588
77725da7-07d6-4d09-97ca-caf258440319	http://www.thestate.com/presidential-politics/story/289878.html	0.8969197	0.9050416
44740449-e478-4b48-85dc-242a581e93c1	http://itn.co.uk/news/a5a8daa890c28b925a474ee45aa271de.html	0.8394004	0.92325854
dc9814d5-b1eb-4095-a183-05c3be64c537	http://www.theregister.co.uk/2008/01/08/facebook_blocks_secret_crush/	0.96259075	0.99855113
41f7673a-553d-4893-9a51-ef7bb0ce6293	http://www.news.com.au/dailytelegraph/story/0,22049,23031508-5001028,00.html	fail	0.9997289
ea6db63d-b98a-4e8a-b0ab-82063f49a102	http://www.cortezjournal.com/asp-bin/article_generation.asp?article_type=news&article_path=/news/08/news080115_1.htm	0.98246753	0.99966955
87db2e75-8b07-4bba-b076-61b46b716c9d	http://www.brandonsun.com/story.php?story_id=86457	0.8864245	0.9995686
77c361ce-1d3e-4112-ac72-e889e7fbe50a	http://canberra.yourguide.com.au/news/world/sport/undersiege-kemble-quits-as-kiwi-coach/1165475.html	0.9786682	0.99970543
e255c4b2-79a0-4bab-a66b-91a7f8649110	http://campbelltown.yourguide.com.au/news/national/general/two-embassies-cleared-after-incident/1154952.html	0.9527897	0.7816901
c8b388cd-ded0-4c9b-9463-28c78879c870	http://www.sportsnetwork.com/default.asp?c=sportsnetwork&page=/nhl/news/ADN4123441.htm	0.8611599	0.886076
25b4dd4b-d663-4f6d-b28d-594f5416a27b	http://www.cleveland.com/newsflash/politics/index.ssf?/base/politics-3/1199955551313390.xml&storylist=washington	0.99908507	0.9111389
252824cc-5dda-418c-8693-524ff52586f4	http://news.sbs.com.au/worldnewsaustralia/baghdatis_39parties_with_evicted_fans39_538311	0.9610687	0.97220075
ee190bc4-b017-4a2c-b981-a88245c07278	http://www.abc.net.au/news/stories/2008/01/02/2130085.htm	0.85714287	0.80981594
e92b0b8a-4921-4232-9019-065a78971fb6	http://www.canada.com/vancouversun/news/arts/story.html?id=c51d59da-ffc8-4856-bf88-0b1e2aaedf21&k=26344	0.8717723	0.98409015
c42bbfbe-3405-4716-9bc1-c28570abbca8	http://www.homeofsport.com/f1/news/item.aspx?id=20995	0.9008499	0.947839
e7742edd-663a-4875-af62-3d556e43e2f5	http://www.mercurynews.com/sharks/ci_7950739	fail	fail
353b3de0-5b15-4c93-8c40-0d313c810218	http://www.supersport.co.za/soccer/article.aspx?id=239438&headline=McCarthy%20is%20not%20for%20sale%20-%20Hughes%20	0.93121696	0.9991883
e1fdfa9f-afdf-4f03-95e3-19614270b5cc	http://www.star-telegram.com/528/story/398793.html	fail	0.91221845
e609e43a-c1ec-4cd8-939c-dd596c6792b2	http://www.upi.com/NewsTrack/Top_News/2007/12/30/mccain_stands_by_attack_ad/4571/	0.80052495	0.8608924
065445c6-e5e0-4006-ba4b-31711c4a6a4b	http://www.news.com.au/perthnow/story/0,21598,23026523-5005361,00.html	0.96174425	0.95535475
3227d893-d7bd-4015-82c7-727b460d1fe2	http://seattletimes.nwsource.com/html/nationworld/2004121488_wdig12.html	0.9685535	0.98876405
02e622bc-00a7-4b0e-85ef-5a663ef6233c	http://www.finanznachrichten.de/nachrichten-2008-01/artikel-9806775.asp	0.96765465	0.9778853
fc106c6b-894f-4586-91b4-ba710ba059b2	http://ukpress.google.com/article/ALeqM5g61zxblgHA7Ujd5Yp9HxbuJUChcg	0.96923935	0.9931153
265b3d02-2eae-433b-96cc-0e1a6d325d1d	http://www.peterboroughtoday.co.uk/nationalsport/Thomas-brace-sees-Sale-home.3628586.jp	0.8866348	0.922312
4b39034f-93f0-4362-bc4f-753873bfdbaa	http://www.macon.com/323/story/237509.html	0.91219515	0.9599589
69899c68-2615-4255-9a53-5fc3491654ff	http://www.efluxmedia.com/news_Netgear_Brings_All_Access_Home_Concept_At_CES_2008_12490.html	0.7450012	0.75981236
be2bf5ac-7b06-4ede-ab94-83db2a606c95	http://www.lep.co.uk/latest-national-news/Crash-airport-returning-to-normal.3690470.jp	0.39202857	0.40779704
2ee227fe-de32-4f4d-8540-6eb08716cbdd	http://www.edmontonsun.com/Entertainment/Music/2008/01/10/4765188-sun.html	0.9593909	0.8318662
a96b194d-d97a-468d-b7e6-3c643752666c	http://www.nytimes.com/2008/01/09/world/asia/09suharto.html?hp	0.8479763	0.95686126
fb6b0ed0-340e-4eaa-86fc-496c647c9c3b	http://www.earthtimes.org/articles/show/173873,microsoft-releases-vista-sp1-beta-for-public-download.html	0.9456091	0.9748832
0fb4f846-1043-4578-8863-a4bf82dccb74	http://www.streetinsider.com/Press+Releases/LG+Electronics+Expands+IT+Product+Portfolio,+Unveiling+New+LCD+Monitors,+Optical+Storage+Options/3248997.html	0.95669824	0.96237016
53b3df47-e8a0-4bb0-bed9-f6e0c1f9c2bf	http://football.guardian.co.uk/News_Story/0,,2241433,00.html	0.9226891	0.9938628
f5a46a81-efdc-4daf-9990-94ae378f2611	http://www.telegraph.co.uk/sport/main.jhtml?view=DETAILS&grid=A1YourView&xml=/sport/2008/01/10/ufnnewcastle110.xml	0.85833335	0.10441846
61245962-6776-450c-9280-cf20b19cad0d	http://sport.guardian.co.uk/cricket/story/0,,2233213,00.html	0.9392129	0.9992518
ebf90d72-b0ec-48ee-84c7-010198005b56	http://netsports.hockeychannel.com/default.asp?c=hockeychannel&page=nhl/news/ADN4119682.htm	0.9760861	0.97686476
55d74af7-da29-48dd-b615-f2ff4d2e1551	http://www.guardian.co.uk/uklatest/story/0,,-7237641,00.html	0.9182116	0.9187125
0f2b36ce-7be8-4845-9ef2-b1872afb0769	http://ca.reuters.com/article/technologyNews/idCAL1154155020080114	0.9692833	0.982669
78320a4b-5d58-4240-9c1d-0d0853f6cc2f	http://www.guardian.co.uk/Music/news/inthenews/0,,2237194,00.html	0.8528915	0.8450823
ebc70a85-7196-49c3-9f00-a5b3bcf8451f	http://www.thisislondon.co.uk/showbiz/article-23431088-details/Big+Brother+bosses+pinning+hopes+for+failing+show+on+a+Brand+new+hijacker/article.do	0.86857826	0.9528178
2b08c951-2408-402f-98d2-d65d50abd0e5	http://www.cbc.ca/canada/manitoba/story/2007/12/27/recycle-trees.html	0.93315685	0.99929076
46956db6-1eca-4c0c-9042-e1393610816f	http://travel.timesonline.co.uk/tol/life_and_style/travel/news/article3111656.ece	0.9566631	0.7386031
c3ddd8a2-9a09-4747-b59b-0e6f438e7a73	http://oheraldo.in/pagedetails.asp?nid=6370&cid=2	0.9655172	0.97706264
b00bdb89-fc16-4d61-b115-b7ac4367032c	http://www.thisislondon.co.uk/sport/article-23430891-details/Proud%20Chasetown%20claim%20the%20glory%20after%20shocking%20Cardiff%20into%20action/article.do	0.9468759	0.9646663
0969f54e-43a6-46bf-a687-330d9d517748	http://www.nola.com/living/index.ssf/2008/01/suddenly_supriya_louisianas_ne.html	0.897328	0.9837484
bdd8277f-93e2-403d-aa9f-1d897c9a67e7	http://www.reuters.com/article/newsOne/idUSWAT00871320080114	0.9232489	0.9991929
91f7a641-0abf-4700-9392-56d1cdb9c1f5	http://www.localnewswatch.com/benton/stories3/index.php?action=fullnews&id=227379	0.9176843	0.93373215
1ef621ac-550e-41c8-ba42-e55c58be1c48	http://www.earthtimes.org/articles/show/166868.html	0.96854144	0.97016364
962c139f-ecbe-4d01-9a2b-52748968cbb9	http://www.turkishpress.com/news.asp?id=208777&s=&i=&t=NHL_tweaks_rules_for_first_US_outdoor_game	0.9512055	0.9993965
c1ba5f6c-5c13-4d4b-ac71-ba094a901879	http://www.ledger-enquirer.com/252/story/225612.html	0.8592069	0.8786545
eba86c40-98c9-4af1-bf0a-c26ce4db3536	http://www.sbrforum.com/Recaps/NHL/20080108NHL--STLOUIS---0.aspx	0.96855944	0.97994214
f3797c1d-42c9-4c32-b269-c20dba8ab2aa	http://news.bbc.co.uk/2/hi/middle_east/7185602.stm	0.936897	0.96220773
907d1ca3-9a6a-4465-a081-952406112ac6	http://www.indiantelevision.com/end/y2k8/jan/7jange2.php	0.7819063	0.8368056
6c414d50-1d83-4867-a602-137cbb4c5531	http://sportsillustrated.cnn.com/2008/basketball/nba/wires/01/09/2030.ap.bkn.raptors.ford.0304/	0.9477048	0.9993869
5d341f23-aa47-46ab-b8cc-a7ce82ec754e	http://www.swissinfo.ch/eng/news/international/Somali_gunmen_briefly_kidnap_Libyan_diplomats.html?siteSect=143&sid=8593812&cKey=1199557405000&ty=ti	0.96344924	0.98834246
909f608d-20a6-4727-ba55-2dd37ecbbcb2	http://www.nytimes.com/2007/12/30/sports/football/30nflmatch1.html?ref=sports	0.6346154	0.114138424
9c5bef86-57eb-477d-959f-473950f87a39	http://www.wyff4.com/mlb/15084795/detail.html	0.91223156	0.9410058
4ad1032c-19be-4ab7-aa83-2de70e31171f	http://www.hemeltoday.co.uk/latest-national-news/Cargo-ship-runs-aground-near.3634037.jp	0.9114249	0.9366197
bf8e6424-8a76-4828-a838-4978a9824fab	http://www.itv-f1.com/News_Article.aspx?PO_ID=41573	0.97572464	0.99962866
abfad90a-57fd-4b89-afa4-4a9a4fd05a83	http://www.ny1.com/ny1/content/index.jsp?stid=1&aid=77456	0.8305785	0.33388704
506df3c3-f5bf-4f4a-bd32-80a3f1fb97d7	http://www.fifa.com/worldfootball/clubfootball/news/newsid=671212.html	0.9876012	0.99359465
f505fae2-4368-4341-8e1c-10a8e48f82c2	http://www.hindu.com/2008/01/14/stories/2008011459581300.htm	0.953527	0.6302798
cbeeb77e-294d-4ac9-9139-ce587ec19626	http://soccernet.espn.go.com/news/story?id=497114&cc=5739	0.98271275	0.96810174
1a2a4da8-8307-4d2b-b3d4-8762a4ee443e	http://www.contracostatimes.com/sports/ci_7966870	fail	fail
c92a8490-998d-4083-b68a-1be94ddc8293	http://www.940news.com/nouvelles.php?cat=20&id=10726	0.9155333	0.92737836
4ac0c944-5922-45cb-8021-9bb112bef038	http://edition.cnn.com/2008/WORLD/asiapcf/01/01/malaysia.minister.scandal.ap/	0.81877023	0.8946495
4ae923e8-aab5-4b70-b324-6cfc9d191fe6	http://uk.reuters.com/article/tennisNews/idUKSP33004420071230	0.9220685	0.97380584
c0804a24-aabf-4e6b-8ec6-f77d2881622c	http://timesofindia.indiatimes.com/India_Buzz/Kat_to_go_to_London_with_Sallu/articleshow/2696265.cms	0.92724574	0.9681677
4337db7f-fc56-4eb3-b701-0a7f554fc94e	http://www.guardian.co.uk/germany/article/0,,2237335,00.html	0.95027626	0.9966901
b73fce96-e5c3-4b23-8fca-08c82441a866	http://www.digitalartsonline.co.uk/news/index.cfm?NewsID=9256	0.8937978	0.9537625
ab95a5dd-eae0-4f4e-b530-8cd53b7c41be	http://www.cbc.ca/canada/british-columbia/story/2008/01/11/nhl-pho-van.html	0.92783505	0.9872612
a0b5afad-9ff9-4e6a-9e4c-6a22df310559	http://winnipegsun.com/Sports/OtherSports/2008/01/14/4771511-sun.html	0.975914	0.90254575
2a1a1a56-96f6-4da6-a4d0-e812e5f63e4b	http://www.sbsun.com/sports/ci_7927363	fail	fail
ee69b3ed-1631-4f4f-85df-93b87c82300a	http://www.newsocialist.org/index.php?id=1489	0.6269939	0.19765168
6d75323d-8d1b-40f7-baa6-dc0b2aac7a73	http://www.sportbox.tv/football/news/story.php?id=258152	0.9644209	0.99921507
e4af1d07-4976-498b-ac5d-e3593a6fc195	http://www.kansascity.com/entertainment/story/448705.html	0.94292235	0.875
a74d418f-20a5-4deb-beed-0e5684ebd9dd	http://uk.reuters.com/article/internetNews/idUKBRU00622520080114	0.954713	0.996139
01f31bbb-9c7d-4703-af51-1ddc7f4b1e38	http://news.xinhuanet.com/english/2007-11/24/content_7138034.htm	0.98970586	0.99962854
3f642f89-a583-4296-9bba-a94da2700c41	http://www.ngnews.ca/index.cfm?sid=99390&sc=49	fail	0.9018868
d00505ef-6e10-4616-88f0-d1165292c417	http://www.motorcycle-usa.com/Article_Page.aspx?ArticleID=5749&Page=1	0.9125964	0.91793394
bcfbc733-3b19-42c6-bbec-8f841273b662	http://afp.google.com/article/ALeqM5jhgblLPcS2A8kylRFNZdB5-6ad2A	0.9342302	0.9992
efe470a1-fc3f-4ac1-88e2-45129edaadc7	http://www.kjrh.com/entertainment/story.aspx?content_id=39937d9f-e422-4314-a70b-83ed5a784562	0.7364341	0.95555556
ed6922c6-e0e6-47b7-aa3c-15589135b3e3	http://www.trinicenter.com/articles/2008/130108.html	0.99011075	0.9795519
d1ef797a-b287-4618-b630-eee5ce6a08f5	http://www.capeargus.co.za/?fSectionId=55&fArticleId=vn20080116070820784C346068	0.9704672	0.9782821
d6ac538d-07d2-45bf-b3a6-6eaae7365464	http://www.journallive.co.uk/newcastle-sports/newcastle-sports-news/2007/12/30/rams-pay-penalty-for-squandered-chance-84229-20297785/	0.95246106	0.9942857
8c392c86-f101-468e-b9b9-f9aaccd8a533	http://www.al.com/sports/birminghamnews/index.ssf?/base/sports/119883331940690.xml&coll=2	0.8733265	0.952274
ef09c4c3-24fd-4435-9aad-6c419e18f7e7	http://www.themercury.co.za/index.php?fSectionId=286&fArticleId=nw20080115104502638C334661	0.9695752	0.9859731
ecd92929-8447-4cf8-9326-9fa92479d808	http://www.autosport.com/news/report.php/id/64667	0.91324556	0.9124031
4479049e-be85-42e0-ad5e-5829add4f7b5	http://ukpress.google.com/article/ALeqM5jkWdVnLC5ltNOQQcn9YCwDGhUfLA	0.93121016	0.98380566
d88957f2-db3b-4476-905f-78b5d2ec6aa7	http://www.kptv.com/nba/15083712/detail.html	0.9347826	0.99945915
b10653db-25ce-4a55-a482-cc51b8ac886f	http://www.cbsnews.com/stories/2007/12/05/earlyshow/main3577585.shtml	0.9497042	0.9736753
b37b8905-a349-4f02-a8f9-1f077280185a	http://www.eyewitnessnewstv.com/Global/story.asp?S=7554856&nav=F2DO	0.90688777	0.8099788
ffb10e82-3c6e-48d8-ad3d-13a6fcbbf8be	http://www.hindu.com/thehindu/holnus/002200801012121.htm	0.9560293	0.9509609
f4d9f949-ffc1-420e-b7fe-42ac63cbfee4	http://www.canada.com/montrealgazette/news/sports/story.html?id=f0945f7b-8024-4be9-ad77-2c80f0ef36fa	0.953909	0.9796163
9e25cf1a-643b-4f3f-b93f-8c7c44684d4e	http://origin.contracostatimes.com/nationandworld/ci_7842842	fail	fail
4ef56518-0288-4176-b711-570eaae21dd6	http://www.theage.com.au/news/world/fresh-warning-from-bin-laden/2007/12/30/1198949672070.html	0.9754335	0.8388567
6cb35a68-230f-49cb-9856-863d307a4341	http://www.telegraph.co.uk/sport/main.jhtml?view=DETAILS&grid=A1YourView&xml=/sport/2008/01/14/sfnder114.xml	0.7939955	0.94871014
59f730fe-4457-4076-adf6-fc2ef805729b	http://www.theherald.co.uk/politics/news/display.var.1951349.0.Ministers_face_dilemma_over_sportscotland.php	0.94802195	0.38028497
915ff932-cc4b-4717-ab02-93edb8345397	http://blogcritics.org/archives/2008/01/07/123900.php	0.9285325	0.98594
b16f4a95-5acb-4d71-b744-080f905129a0	http://www.blackburn.vitalfootball.co.uk/article.asp?a=95404	0.8548242	0.26429164
484352f0-e835-49e1-8ec5-626128f01ea0	http://www.macworld.co.uk/digitallifestyle/news/index.cfm?newsid=20090&pagtype=allchandate	0.9492754	0.97122586
934ed874-7230-4e6f-9096-5716ff420a94	http://www.scrippsnews.com/node/29843	0.88536763	0.96582377
e8f75e89-e6ce-47d3-890d-2bd48bb372f8	http://wollondilly.yourguide.com.au/news/national/general/toni-collette-gives-birth-to-baby-girl/1160691.html	0.92164946	0.99776286
a0f43c75-e24a-42c6-a220-1de33d696694	http://www.javno.com/en/sports/clanak.php?id=112587	0.73987734	0.6042084
cd0dc414-30be-49ba-92af-4abd4905a0ad	http://www.star-telegram.com/536/story/385235.html	fail	0.9686684
e93bdd8d-89d5-450c-a69b-38bda70a6aab	http://network.nationalpost.com/np/blogs/postedsports/archive/2008/01/06/leafs-notebook-colaiacovo-to-miss-at-least-seven-to-10-days.aspx	0.94191575	0.8307323
99fa80cc-cd67-4669-b9ae-8351cc3e75d0	http://www.iht.com/articles/2007/12/11/news/kiev.php	0.67979556	0.9875223
3dc6f702-e9de-473b-bc39-a34a4e55d8e3	http://www.oddspreview.com/read/classy-hewitt-through-to-second-round-150108	0.86990076	1.0
807f2bb5-401b-4800-ac78-254655ed375c	http://www.wcbd.com/midatlantic/cbd/news.apx.-content-articles-CBD-2007-12-27-0014.html	0.995564	0.9993635
c5102bf8-6e90-460a-8648-09b055ecd166	http://the.honoluluadvertiser.com/article/2008/Jan/08/br/br7894326051.html	0.8966132	0.9980139
10f1f771-4df8-440c-a319-2852017be853	http://www.protrade.com/content/DisplayArticle.html?sp=Sf24e2345-bf2e-11dc-ba00-574828460f5a	0.80898875	0.92282957
bf644274-0d08-4cd3-8b51-f8df2a6038b5	http://iclanarkshire.icnetwork.co.uk/sport/nationalsport/tm_headline=cohen-set-for-bolton-switch&method=full&objectid=20300866&siteid=50144-name_page.html	0.92508143	0.100938976
79f28b11-26b6-4a20-8e9b-de1064b8bc01	http://gizmodo.com/342425/slash-shreads-on-the-air-guitar-rocker	0.8848921	0.9945946
8348d112-aa2e-460e-a805-88e655d72eb8	http://www.nwherald.com/articles/2007/12/29/sports/college/illinois/doc477637db2233d414257435.txt	0.7236303	0.72749466
33c5a0e8-5aa2-4fd3-b7a8-a6c55f2b6ef8	http://www.ogpaper.com/news/news-01578.html	0.9606081	0.95592284
a62ff1b5-9397-4889-803a-901c77f03d2a	http://www.mirror.co.uk/copy2/livecopy/2008/01/14/andy-murray-crashes-out-89520-20285584/	0.9280984	0.94449586
5079a96d-ee69-4238-9a9e-41c6c0532ae1	http://www.wpri.com/Global/story.asp?S=7612239&nav=F2DQ	0.6720351	0.71943575
b44ce3e2-4af5-4ab4-89a0-51b3d29e2156	http://www.canada.com/victoriatimescolonist/news/business/story.html?id=d4735d77-6c84-451f-a06b-3e9e930d4fc2	0.5610413	0.9191419
671707a2-e51a-4f32-8471-1b14dd6e3016	http://iccoventry.icnetwork.co.uk/0200sport/0100news/tm_headline=agbonlahor-puts-the-breaks-on-wigan&method=full&objectid=20296709&siteid=50003-name_page.html	0.95153934	0.09346914
98e7d2dc-2287-4e77-b2a3-810bc270c14d	http://www.manchester.com/Sports_News/Clarke_misfires_in_Joburg-18421659.html	0.9679098	0.9893428
a59989de-a5e1-4eb6-9226-e2cc4c9f617e	http://www.christiantoday.com/article/house.prices.rebound.unexpectedly/16061.htm	0.8402246	0.7714117
3ecf8ed4-48c2-415e-a07e-a327f78ba6d1	http://www.independent.ie/entertainment/news-gossip/actress-mischarsquos-unwanted-photo-op-1254384.html	0.9822357	0.8619772
06c09282-5752-4084-b238-e8ab57aa37ba	http://www.macon.com/231/story/241811.html	0.82198524	0.87130433
f9bc00f1-6e97-4a78-be9c-d55efac142f0	http://story.malaysiasun.com/index.php/ct/9/cid/3a8a80d6f705f8cc/id/313180/cs/1/	0.7572614	0.7799145
ab4e0f91-db21-474d-8817-fb9ed36ce4ff	http://www.abcnews.go.com/Entertainment/PainManagement/story?id=4096951&page=1	0.9890359	0.88811433
9d847a62-2604-4907-a2dd-9bbda1a54d78	http://www.manchester.com/Sports_News/Robinson_and_Ashton_honoured-18408531.html	0.9655172	0.98938054
8ffb0680-bb81-4393-964a-b821d36f58a7	http://iccheshireonline.icnetwork.co.uk/0100news/0300nationalnews/tm_headline=separated-twins-married-each-other&method=full&objectid=20340564&siteid=50020-name_page.html	0.38935572	0.09125966
ea4e41a8-426e-44aa-b835-d9dc1a055064	http://www.hiphop-elements.com/article/read/4/14008/1/	0.0	0.0
96ee20a1-5898-428a-98da-39d75cf88c87	http://www.cstv.com/sports/m-baskbl/stories/010708abj.html	0.9299848	0.6786375
6cce0f94-914d-45e5-9177-0f863aacc003	http://www.chesterstandard.co.uk/latest-entertainment-news/Ticket-registration-for-Glastonbury.3652507.jp	0.90150803	0.92902285
144b919c-0fd4-40f0-8424-64fdbb380f7e	http://www.adnkronos.com/AKI/English/Security/?id=1.0.1727765543	0.16147858	0.17709816
b6cfbfa5-c7c3-42a2-987f-18d45bb7464d	http://www.thewest.com.au/aapstory.aspx?StoryName=450157	0.9715415	0.99878097
baeee9ce-b4a7-4fdc-ba0c-f5400a0a76ef	http://www.theaustralian.news.com.au/story/0,25197,23029952-2722,00.html	fail	0.9413037
b5723dd9-855c-49b5-828e-4532b8826e16	http://icnewcastle.icnetwork.co.uk/sundaysun/ukandworld/tm_headline=new-year-revellers-flock-to-capital&method=full&objectid=20301460&siteid=50081-name_page.html	0.94664156	0.11273211
af1c8e52-ee88-43c6-818a-9033ca99ab9b	http://www.popmatters.com/pm/film/reviews/52615/the-killing-of-john-lennon/	0.9793908	0.97461087
954487ce-7582-4ba5-8e52-071c2c3b1fa9	http://www.wvva.com/News/index.php?ID=20129	0.8296703	0.80185187
5e5b9e2e-f9ab-4a43-a28b-3bc0336776cf	http://www.newsone.ca/westfallweeklynews/stories1/index.php?action=fullnews&id=120388	0.96150404	0.96972436
104ac8ce-3000-4106-bf10-b6ca9d01a475	http://news.bbc.co.uk/2/hi/middle_east/7127451.stm	0.93616176	0.99957645
92474c42-9ea3-4219-a996-e5e9fed60db3	http://www.cnw.ca/fr/releases/archive/January2008/06/c6796.html	fail	0.9382098
44a2a06e-e905-4b57-be58-82ceced9ff36	http://www.telegraph.co.uk/connected/main.jhtml?xml=/connected/2008/01/08/dldvd108.xml	0.9337802	0.9658031
599fc2eb-b6af-4fb1-b27c-d0a93b4d8bb3	http://www.indiafm.com/news/2008/01/16/10743/	0.07580477	0.13291794
70325065-cd21-431b-af0b-a2bdfd3ff8f6	http://www.wtnh.com/Global/story.asp?S=7582224	0.21552879	0.9625323
108204ab-7ccc-406e-8eb7-1a0a425a070f	http://www.onelocalnews.com/whiterockreviewer/stories1/index.php?action=fullnews&id=113561	0.7069994	0.98040694
4c09a620-62b5-4cba-b2ac-50bb48258386	http://www.reuters.com/article/domesticNews/idUSN1162953420080111	0.94891304	0.99942726
e72c62d8-cd3d-4d36-81e4-2625c0a9cadb	http://canadianpress.google.com/article/ALeqM5gLRXPBeNBk3r9VBa2dcx8J4rYk-Q	0.9543121	0.99357945
aa00507b-348b-476f-b421-7cbf2b6ada76	http://cbs11tv.com/localsportswire/22.0.html?type=national&serviceLevel=s&category=s&filename=BKN--Raptors-Ford.xml	0.9050086	0.931059
708163a2-f724-42cc-bb00-e578f1aebd3b	http://www.thepittsburghchannel.com/health/15112527/detail.html	0.7647059	0.830955
1c6b1aa1-e056-40cc-8fa2-e254042509b2	http://www.canada.com/topics/sports/story.html?id=ee4ea2e7-a1ec-4154-b69f-7d9ebb06b0be&k=55240	0.89497715	0.93869734
e3a8cc42-09a1-470a-a705-d1d7dc5afd7a	http://localnewsleader.com/jackson/stories3/index.php?action=fullnews&id=237723	0.91827905	0.976681
7666b838-b663-4573-8ca1-c91f0d648522	http://slam.canoe.ca/Slam/Columnists/Unkle/2007/12/28/4743020-ca.html	0.9524906	0.9830609
35778215-8cb2-4f66-89c0-012d00e39724	http://www.expressindia.com/latest-news/Fun-returns/255997/	0.9604617	0.988416
a5c5dc04-f051-4e6e-babe-3b26c870d23b	http://www.myfoxtoledo.com/myfox/pages/Sports/Detail?contentId=5464599&version=1&locale=EN-US&layoutCode=TSTY&pageId=6.7.1	0.891569	0.9994938
b2fddc2c-a2b5-40c8-b527-c5abca7ec3a3	http://www.signonsandiego.com/sports/20080110-0424-ten-sydney.html	0.92434585	0.996319
e17661e3-49a2-40d0-b2c7-7b8041ca302c	http://www.canadaeast.com/progress/article/187046	0.76289225	0.9865819
6958faf6-9de3-490b-90a0-be85a29d3479	http://www.telegraphindia.com/1080109/jsp/sports/story_8760717.jsp	0.9506511	0.992126
1bb25401-88ee-466c-852a-7ebb6e99f64b	http://www.reuters.com/article/pressRelease/idUS10215+06-Jan-2008+BW20080106	0.9978743	0.99522865
d88ae992-de92-43f4-8c21-a2860bd9c7f9	http://news.brisbanetimes.com.au/draytons-push-on-after-winery-deaths/20080118-1mn9.html	0.98183393	0.98438853
b9141a79-c5dc-418d-b05e-23532baa6d9a	http://news.xinhuanet.com/english/2007-12/29/content_7338300.htm	0.97306174	0.9711096
10e8a044-915e-473b-9c8a-eb154ab420d2	http://management.silicon.com/itpro/0,39024675,39169702,00.htm	0.78409827	0.7579931
46fd5e71-124d-49e9-869c-b458f9e94415	http://sportal.com.au/golf-news-display/gamez-the-man-to-catch-41857	fail	1.0
fb5075ce-07ff-410f-9517-27b28e111a64	http://www.theledger.com/article/20080118/APS/801180748	0.86148006	0.95058626
08ba0529-e9b2-4cbb-b780-470055603d9e	http://www.enterprisestorageforum.com/sans/news/article.php/3720321	0.98880595	0.8976665
b2b2deaa-e660-4cd7-8dc7-022b15482fe4	http://www.newsobserver.com/1608/story/868667.html	0.028199553	0.96141815
86bf0ad1-6dee-42c8-8fc9-27d20073faf2	http://www.channel4.com/news/articles/world/briton+murdered+in+new+zealand/1354647	0.86308205	0.84942716
a439ec1f-e06c-4747-a1f6-75d9d943f8ef	http://www.sportsnetwork.com/default.asp?c=sportsnetwork&page=/nhl/news/ADN4121153.htm	0.9723208	0.97787297
4a3cd9c0-153b-4e30-bf72-6c0cd5133e1e	http://www.nydailynews.com/entertainment/tv/2008/01/08/2008-01-08_golden_globes_show_nixed_by_strike-1.html	0.95132995	0.938058
e3679117-6021-4eb3-8852-fb622879b196	http://www.abc.net.au/news/stories/2008/01/02/2130204.htm?section=entertainment	0.9286908	0.9139254
0a30f3dc-886c-4266-885b-dda347f850cb	http://www.showbuzz.cbsnews.com/stories/2008/01/08/ap/celebrities/main3689438.shtml	0.88416076	0.9745763
587c2cc6-31e5-4070-9077-d31968c4b4ed	http://www.telegraph.co.uk/news/main.jhtml?xml=/news/2007/12/29/nlily129.xml	0.92582417	0.9823009
abe54c6a-becd-46c4-8b6d-74108cd8800c	http://www.dailyrecord.com/apps/pbcs.dll/article?AID=/20080114/SPORTS04/801140341/1120/SPORTS10	fail	0.9603699
98182ad1-9c55-48da-a999-f1b8511f3bd8	http://www.desktoplinux.com/news/NS3842217423.html	0.9838753	0.9122851
ba66beed-a665-4cce-8ad3-61f7e05f0c47	http://www.foxsports.com.au/story/0,8659,23040750-23210,00.html	0.8798604	0.90652287
7b47de5a-5f34-4a34-8cf7-ce8b55b9d1ab	http://www.hindustantimes.com/Redir.aspx?ID=6ebed90c-d345-4ba5-883a-6b5747f13c9d&ParentID=71dcf1a8-38ad-462b-b63c-9bc3d9bf190e	0.99936587	0.9993655
33840d84-25e9-4f91-a0f8-191306c3ec0c	http://blayney.yourguide.com.au/news/breaking/sport/sport-legends-slam-aussie-cricket-team/1158563.html	0.9853557	0.9997641
c7eba89c-cd77-4dd6-8a90-c1caf6a390f8	http://wjz.com/localsportswire/22.0.html?type=national&serviceLevel=s&category=s&filename=HKN--JimLitke.xml	0.938282	0.94968337
9b2817f5-6ff9-4322-94a6-ffcf25cd3264	http://www.news.com/8301-10784_3-9837996-7.html?tag=head	0.8183254	0.9942085
9858dfc5-821b-4005-9a4f-d49ae977696e	http://www.bloomberg.com/apps/news?pid=20601088&sid=aMCPG.4uCJ_k&refer=muse	0.0	0.0
c8a6ace8-c4e8-4d05-8e85-5e58284151bb	http://sports.indiatimes.com/Israels_Peer_safely_through_first_round/articleshow/2662395.cms	0.88091356	0.9990741
ee652473-6379-45ba-ab38-14a28f2f494f	http://www.efluxmedia.com/news_Weinstein_Studio_Strikes_Deal_With_Writers_12724.html	0.61758244	0.64212453
bfdfa445-09f8-446e-9866-21fa51fdba56	http://www.earthtimes.org/articles/show/171824.html	0.9602941	0.96884274
8198035c-2d3e-4605-a2a4-352d891c965c	http://www.wjla.com/news/stories/0108/488043.html	fail	0.937046
7c3b8f34-c285-45aa-a0e5-12d23cb2b830	http://www.covers.co.uk/articles/articles.aspx?theArt=159117	0.99463665	0.99946076
3df8d3a3-664f-4dfe-bc52-9e7441710333	http://icscotland.icnetwork.co.uk/sport/nsport/tm_headline=ryan-dismayed-by-gloucester&method=full&objectid=20344815&siteid=50141-name_page.html	0.9814704	0.09378809
1537674b-a3a4-42cb-89e5-a9adaf514531	http://seattletimes.nwsource.com/html/sonics/2004099477_soni30.html	0.967201	0.98691493
42abb137-8a90-47db-90e2-3f8013cb9ae8	http://www.news.com.au/travel/story/0,26058,23070981-5012670,00.html	0.9589041	0.9796923
7526314a-ac5d-49c6-b5f3-f3c9d96d321c	http://www.showbuzz.cbsnews.com/stories/2008/01/15/ap/movies/main3713725.shtml	0.82599115	0.97589576
b82e9772-a459-46ef-9f93-84f15c773375	http://www.localnewsleader.com/elytimes/stories3/index.php?action=fullnews&id=236094	0.8641479	0.93711793
dff661fd-0107-4e0a-b3a1-b6933e8734e3	http://livenews.com.au/Articles/2008/01/14/Rabbitohs_ready_to_say_GDay_to_the_USA_	0.9304556	0.95098037
0fe18218-d691-4b17-b8e2-dd19d259b406	http://www.pittsburghlive.com/x/pittsburghtrib/sports/steelers/s_544936.html	fail	0.9861195
d552f187-17f1-480a-9a42-e3b0c36c7dad	http://www.telegraph.co.uk/opinion/main.jhtml?xml=/opinion/2008/01/06/do0607.xml	0.99468774	0.994667
a1608707-f62f-48c4-b594-7bc2a1cab3b9	http://www.slipperybrick.com/2008/01/sony-psp-skype/	0.9245283	0.80753386
18a04371-9d3c-4f66-b69c-bb2f4ac0520e	http://economictimes.indiatimes.com/News/News_By_Industry/Lukla_Airport_to_be_named_as_Hillary_Tenzing_Airport/articleshow/2701212.cms	0.98582155	0.999154
8a620984-4a26-4c0d-9aa7-9133362f6933	http://www.broadcastingcable.com/article/CA6524010.html	0.9174586	0.9839837
55694dd7-e8ee-4bbc-976a-19dbf31dbcca	http://blog.wired.com/sterling/2008/01/press-starts-to.html	0.91276044	0.965977
443b6e83-8591-464f-be3c-f9210f719eaa	http://ap.google.com/article/ALeqM5hkf--m78S6F3LZAcz4sVHGGCQSTgD8U6VJK80	0.8525149	0.99009246
e4c3784f-21a3-4fc4-b6bb-d91d31091785	http://www.nzherald.co.nz/section/story.cfm?c_id=4&objectid=10486931	0.9109365	0.92292356
a861adf0-c5d5-4c1e-804f-e2a3efe757c2	http://www.wpxi.com/travelgetaways/14960065/detail.html	0.8785166	0.90832967
4db9677f-1e49-4c46-9afb-7c01efbb7cc0	http://www.clubcall.com/index.jsp?storyID=331300	0.9192101	0.9980469
51070347-c727-4631-abe0-4cb3de1da201	http://www.sfgate.com/cgi-bin/blogs/sfgate/detail?blogid=7&entry_id=23239	0.89685315	0.91674125
a425a015-fc22-41b7-bfb8-9a4fa6fe1378	http://www.cbc.ca/canada/british-columbia/story/2008/01/13/premier-tour-icejam.html	0.8801678	0.95782316
b35b20cf-7f14-4850-a14b-954d39f40253	http://www.ndtvprofit.com/homepage/storybusinessnew.asp?id=42713&template=&cache=1/14/2008%207:09:49%20PM	0.9584888	0.08583599
a8bbed64-c630-4e89-bfc3-795a7aebe780	http://www.foxsports.com.au/story/0,8659,23036918-23215,00.html	0.9484436	0.9979487
d68ab0c6-28ed-4910-acdc-a3d96f833a31	http://iccroydon.icnetwork.co.uk/news/national/tm_headline=pm-promises-year-of-serious-changes&method=full&objectid=20297658&siteid=106484-name_page.html	0.9516129	0.0968523
1777070a-dc75-49c1-b3b9-324f8c64e9ba	http://www.4rfv.co.uk/nationalnews.asp?id=70112	0.9593496	0.9975845
5ee7902b-05a8-428e-b412-a498819a5407	http://www.kmph.com/Global/story.asp?S=7606486&nav=menu612_2	0.6946108	0.7641634
7a2d19ed-d3d4-4032-ae3d-2ebd80427a66	http://www.newsnet5.com/nba/15017151/detail.html	0.96311575	0.9994961
30303278-cfb2-4a87-9a56-b26890958c11	http://www.kansascity.com/451/story/442435.html	0.95238096	0.9604366
f3d9f7be-b690-455e-a6c6-77c0644f68b0	http://www.dailyindia.com/show/203537.php/Harry-Potter-book-and-DVD-tops-Amazons-2007-best-sellers-list	0.8896734	0.6635945
8aaefe15-84e2-476e-80da-63ebbba525ec	http://www.earthtimes.org/articles/show/170167.html	0.98914117	0.94251424
770b1fe7-5ad0-460f-94e5-81e0fe9efe15	http://sport.guardian.co.uk/Football/News_Story/0,,2240976,00.html?gusrc=rss&feed=7	0.92926157	0.99962866
9ee700eb-840c-4f49-852e-77e32eb5082f	http://www.telegraph.co.uk/news/main.jhtml?xml=/news/2007/12/28/wtiger128.xml	0.9308452	0.9913725
1db34a39-2057-46dc-939f-10f491af9773	http://www.canmag.com/nw/10084-american-gladiators-hellga	0.9648109	0.82844245
c61a5b06-67ad-4549-bc8d-4a97b9cc54d1	http://www.thestar.com/News/article/295283	0.906939	0.90953463
310a3b31-8f72-4793-b220-3043f08e864d	http://www.harrowtimes.co.uk/sport/localsport/display.var.1935730.0.aidy_recalls_big_guns.php	0.22464901	0.28225452
cd49f963-9dce-4761-aa74-58b24e334a40	http://www.online-betting-guide.co.uk/news/18421251/Shearer+and+Redknapp+play+down+Newcastle+links.html	0.8983775	0.89631534
afd5f508-292c-45eb-a4c7-5f62edcfccf0	http://www.timesandstar.co.uk/unknown/viewarticle.aspx?id=586367	0.9660147	0.9726702
f0fa45d5-0ea7-41ac-84db-c9f671336afb	http://www.supersport.co.za/soccer/article.aspx?id=239488&headline=PSV%20beat%20NAC%20Breda%20to%20go%20top%20%20	0.96	0.99947256
9823a7f0-d9bb-4042-a9f3-27ba5867649c	http://www.thestar.com/Sports/article/295046	0.8365915	0.8385312
fedf013d-01f9-4cb2-bd70-f4d64715ec32	http://jam.canoe.ca/Movies/Artists/C/Cohl_Dusty/2008/01/12/4769227-sun.html	0.9915531	0.9967132
a19c590c-e5ea-4a5e-be55-a563d2be8a63	http://online.wsj.com/article/SB119873001823452323.html?mod=googlenews_wsj	0.87735415	0.89493436
a60538cf-6040-4c76-b0f1-da25c8946160	http://www.theherald.co.uk/business/news/display.var.1935322.0.Pakistans_stocks_and_currency_pay_heavy_price.php	0.9504542	0.9658228
967aa8bf-0444-410e-970f-864919f149e3	http://www.football365.com/story/0,17033,8652_3032157,00.html	0.81664413	0.9991715
0bc30b43-db01-45d0-9ec4-c9b0848ed8cd	http://www.smh.com.au/news/football/covic-turns-up-heat-on-schwarzer/2008/01/17/1200419971640.html	0.99677235	0.9807619
29721ba8-332a-436e-87d4-ff3c017bc2ef	http://www.tampabays10.com/news/local/article.aspx?storyid=71929	0.93333334	0.9331963
5ee66caf-3d1a-4ea1-ad1f-463367616102	http://www.citizen.co.za/index/Article.aspx?pDesc=1,1,22&Type=top&File=080101062849.77i9bh87.xml	fail	fail
89fc8a0d-3841-4ffc-8366-18fa10cbae64	http://www.news.com.au/heraldsun/story/0,21985,23059324-3162,00.html	0.9634584	0.9996614
ed0a9e9a-2c3a-4b6a-8a4a-e187c6934887	http://news.xinhuanet.com/english/2008-01/13/content_7414867.htm	0.9902889	0.9898034
3197cc2b-0feb-44e9-b164-33a51d080cb9	http://xboxer.tv/2008/01/soul_calibur_iv_turns_into_gee.html	0.84164226	0.79610753
931bd5b0-b1c7-4026-b937-a2404e3d8891	http://indiainteracts.com/gossip/2008/01/12/11964/Its-not-monkey-more-likely-a-Punjabi-abuse/	0.981574	0.9676724
560cec3d-261b-4780-8dbd-c0664ec14365	http://www.hinduonnet.com/thehindu/holnus/008200712271550.htm	0.961862	0.95543176
756ff125-8afa-43d2-a2bb-f9e742109202	http://commentisfree.guardian.co.uk/anne_perkins/2008/01/battery_power.html	0.9672131	0.92423826
aecda268-3862-46dd-9097-7458a754a796	http://www.upi.com/NewsTrack/Entertainment/2007/12/27/groban_cd_breaks_christmas_record/4651/	0.682032	0.7742239
7c877f3c-cdb1-4be0-88ba-a665b798cd62	http://charlotte.bizjournals.com/kansascity/stories/2007/12/24/daily5.html	0.95485896	0.96134347
de39076d-9598-41ec-8047-ef26cd9b61b4	http://www.reuters.com/article/entertainmentNews/idUSN2741021120071228	0.9234043	0.9886105
c2783abe-0e22-4090-89a0-02333be3c824	http://www.capeargus.co.za/?fSectionId=467&fArticleId=vn20071230093627575C461837	0.95474243	0.95520234
17a0df1f-b5f3-4d9c-89df-fa6fd5681d56	http://www.teamtalk.com/football/story/0,16368,1786_3011576,00.html	fail	0.9997607
a065a33e-d7b3-447b-8e5a-7aead9fc56e0	http://calsun.canoe.ca/Sports/Hockey/Flames/Headlines/2008/01/07/4756303-sun.html	1.0	0.99643874
f49c5334-d529-4c79-bdc9-8d127af1d3f3	http://www.soccer365.com/european_news/story_19108123100.php	fail	0.99837464
c06818a7-b438-4fda-bfd5-ddafbf51e063	http://www.blackenterprise.com/yb/ybopen.asp?section=ybin&story_id=113602541&ID=blackenterprise	0.9410853	0.92039424
f70d2b06-2e15-4383-9bfb-5b2052de8452	http://www.telegraphindia.com/1071231/jsp/nation/story_8727813.jsp	0.9434954	0.9801777
0ca397b1-08e9-453d-aff8-c699283b0538	http://www.metimes.com/International/2008/01/09/op-ed_john_esposito/7867/	fail	0.9394803
d4376471-2b83-4215-a48e-a424d15f7227	http://www.allheadlinenews.com/articles/7009592090	0.846223	0.7815615
b1385525-6ebe-461d-b696-1df4c331ac18	http://www.telegraph.co.uk/money/main.jhtml?xml=/money/2008/01/13/cnemi113.xml	0.9531616	0.9730007
e09cc7c0-96c4-40fd-85a8-7f71334f1461	http://www.boston.com/business/globe/articles/2007/12/31/personal_data_loss_hit_record_level_in_07	0.9688222	0.9896055
02841370-c748-4afe-93c7-1c40436f37b6	http://www.abc.net.au/news/stories/2008/01/01/2129914.htm?section=sport	0.8067416	0.8067416
14129678-9a5c-4932-826c-8d53dfb32a36	http://netsports.footballworld.com/default.asp?c=footballworld&page=cfl/news/AJN4121321.htm	0.94054055	0.94257855
fbdd64ab-0d00-4a1f-99ec-e21855eae2af	http://www.news.com.au/dailytelegraph/story/0,22049,23019666-5006002,00.html	fail	0.4987374
d09e1426-f17d-430f-963e-0a57931c5ec7	http://international.zeenews.com/inner1.asp?aid=200604&sid=SHT&ssid=3	fail	0.49358386
2854f0ae-bbcb-4ff7-90a3-b12ccb42ad83	http://www.iht.com/articles/ap/2008/01/09/sports/BKC-St.-Johns-Connecticut.php	0.7004516	0.9754782
483a0428-e188-44b4-96c5-86993633a4c8	http://www.thedaily.com.au/news/2008/jan/19/aap-stink-bombings-to-continue-sea-shepherd/	0.9749135	0.99852335
11fbdf43-c542-417c-9d8a-80140a38e554	http://www.washingtonpost.com/wp-dyn/content/article/2008/01/17/AR2008011700276.html?nav=rss_artsandliving/entertainmentnews	0.9544592	0.9985646
e6ae8230-9207-4ed2-a6a7-77b3c789008c	http://www.bloomberg.com/apps/news?pid=20601101&sid=aHSubnaBv2h0&refer=japan	0.9603717	0.96063423
fffa735a-ccf6-4366-8728-679d0d497c0c	http://www.gulf-times.com/site/topics/article.asp?cu_no=2&item_no=193311&version=1&template_id=38&parent_id=20	0.89506173	0.8998619
c9e6618c-b5c0-44c5-9d5f-3dcee024111f	http://news.bbc.co.uk/2/hi/uk_news/northern_ireland/7095803.stm	0.9506849	0.9623315
710969ae-0732-470e-94d6-54c4f5108367	http://www.wjbf.com/midatlantic/jbf/news_index/entertainment_news.apx.-content-articles-JBF-2008-01-14-0017.html	0.98595786	0.98395187
acbe89e8-def0-4c79-81ca-3ac71eb1e26d	http://nationmultimedia.com/2008/01/02/headlines/headlines_30060894.php	0.8314841	1.0
b54c6e8e-5c96-40d0-8572-35618dcce51e	http://toronto.ctv.ca/servlet/an/local/CTVNews/20071231/RIDE_accident_071231/20071231?hub=TorontoHome	0.8828352	0.9803231
c70a8f0b-3b58-40b8-8be4-e1ac2f342868	http://in.reuters.com/article/worldOfSport/idINIndia-31451420080117	0.8596838	0.9466951
af0cb537-b561-49a4-b418-3e92238c3647	http://ap.google.com/article/ALeqM5gtzOA28o7BvFvgReARM0_e7Msy-QD8U6387O6	0.92320204	0.99416
5e69c0cd-7970-4888-a0a8-2cc4276b614b	http://www.washingtonpost.com/wp-dyn/content/article/2008/01/05/AR2008010502038.html?hpid=topnews	0.97303975	0.9985195
36fefe4c-3af7-45f7-87b8-3a4163919eb7	http://cbs4denver.com/sportswire/22.0.html?type=national&serviceLevel=s&category=s&filename=BBO--Congress-Tejada.xml	0.8377907	0.88134557
3e8ba553-aa5a-4d54-90f3-e22ed3456850	http://www.mirror.co.uk/sport/columnists/collymore/2007/12/31/let-s-see-if-shearer-has-the-bottle-for-it-89520-20270799/	0.9786047	0.987318
2205dc57-e427-4779-8313-aab69de7e77c	http://www.tv3.co.nz/News/NationalNews/OfficialsgetdowntoplanningSirEdsstatefuneral/tabid/423/articleID/43376/cat/64/Default.aspx	0.97108674	0.9757016
f5026907-34a2-4e6d-8423-2c90f2a021b6	http://canadianpress.google.com/article/ALeqM5isgX_y-QNohLpD4fwJ8O_0G_Eq6g	0.9473546	0.99669147
69df3069-b6f2-4624-8f94-c9aa23298e3b	http://www.news.com.au/mercury/story/0,22884,23054334-5012782,00.html	0.94949836	0.96958303
70435bf4-7e87-402f-afe8-1e88ed6390f3	http://www.news24.com/News24/Sport/Rugby/0,,2-9-838_2244196,00.html	0.98247737	0.91399664
693c707d-eeab-4486-97d0-2f3d286d1a0e	http://www.nintendolife.com/articles/2008/01/16/brawl_awarded_top_score_by_famitsu	0.7883311	0.89347076
89492351-3543-42c7-98e7-6530a05c2c1a	http://ca.reuters.com/article/technologyNews/idCAN3049009520080101	0.9395322	0.98977137
092d37f3-963c-4724-97f3-96071d331565	http://www.canada.com/theprovince/news/sports/story.html?id=3fc539fc-f7bb-4ee1-8f42-d73e60287d56	0.9019608	0.9595449
32221fe9-b32f-4895-b64a-bf946a7c085b	http://wjz.com/sports/Congress.Steroids.Mitchell.2.629763.html	0.9592473	0.93509173
19586dfe-f1af-4585-a2d1-bdcc2bbcd463	http://www.soccerway.com/news/2008/January/10/holders-egypt-maintain-winning-run-ahead-of-nations-cup	0.8841512	0.86484313
01ccc7c5-a1d1-46e1-a5f7-43310df16575	http://www.un.org/apps/news/story.asp?NewsID=25318&Cr=kosovo&Cr1=	0.89736176	0.91766024
3e05ba78-329e-42c1-9f65-dfe7d39fa172	http://www.reuters.com/article/gc04/idUSLAL00194920071227	0.9464567	0.9600639
209c7877-b79d-4cc5-aeb9-d8c2ddd11466	http://www.azcentral.com/ent/celeb/articles/0110winslet0109.html	0.09391302	0.097472906
9a0aca8a-75b3-46ce-8bd2-f2cdbe240244	http://seattlepi.nwsource.com/scorecard/hockeynews.asp?articleID=222290	0.9636146	0.9705764
045cb317-60ad-454d-add8-3baa40789258	http://www.freshnews.in/anand-draws-with-aronian-negi-posts-third-win-20478	0.9484455	0.99545455
a475816b-cbed-4c88-9ed5-cf0c2f8fe1eb	http://www.contracostatimes.com/nationandworld/ci_8008115	fail	fail
9d70e4ed-9c55-4214-8a5a-5ca0eccedfb9	http://afp.google.com/article/ALeqM5hZSZFeCwHOyPd63LlM-0xAak3noA	0.9812834	0.9877426
ee52b0ea-4e12-437c-808c-a9aaa84ceb22	http://timesunion.com/AspStories/story.asp?storyID=651784&category=Strange%20News&BCCode=STRANGENEWS&newsdate=1/2/2008	0.7991845	0.85745615
885c3db6-4717-4842-b85f-46123026019d	http://ukpress.google.com/article/ALeqM5g1htWkVtO50vMZMCqjewA_qytt8Q	0.9181495	0.9753321
4e3ee06c-ab52-417e-9eb7-9248e9ec7250	http://www.livemint.com/2007/12/31002449/Ask-Mint--US-data-Indian-cem.html	0.98712873	0.99733156
022b482d-88d7-4951-a3c8-d7248db02989	http://www.belfasttelegraph.co.uk/breaking-news/sport/soccer/article3322353.ece	0.10071945	0.93453723
82f835a8-1201-4b6e-a2c5-9e7b34b3c74e	http://www.wldcup.com/news/2008/01/20080109_46221_soccer_news.html	0.6831951	0.75876576
3810ea2e-4d86-4ec2-908c-143f3832cdff	http://blog.wired.com/cars/2008/01/say-hello-to-th.html	0.25529063	0.99708116
631e5111-abbf-42fc-8c10-81124ec9d0e5	http://afp.google.com/article/ALeqM5jOnrY_L2UIpU_9syLutMaIKzm2_w	0.96247655	0.9927361
cccb95e3-51a4-41da-bdb5-d3e9a4376b70	http://www.ktvu.com/nba/15028900/detail.html	0.915683	0.99938613
b8702037-fd2d-4e87-bf5d-b1e308c9d2b0	http://www.hfxnews.ca/index.cfm?sid=93539&sc=92	0.9404762	0.23609537
cc6cd556-ec78-4510-8c86-41d1746de82d	http://www.oregonlive.com/entertainment/oregonian/index.ssf?/base/entertainment/120052230228860.xml&coll=7	0.9920276	0.9877656
95469dc3-b81a-4a5e-89ef-80ba6d33e6a8	http://sport.guardian.co.uk/Football/Observer_Match_Report/0,,2236162,00.html	0.94038624	0.9998214
31288d4b-7150-4b3d-8420-5b80d4c11e11	http://www.lexpress.mu/display_article.php?news_id=100352	0.9627204	0.9886069
fd4727e9-57e2-4d55-b8b9-b5e17440f9a4	http://www.canada.com/globaltv/national/story.html?id=784c945f-f2c0-4b30-8c0c-c00c4a529821	0.71494997	0.80024016
19956250-1bc8-4f9d-b8de-8fb525e22f3c	http://www.al.com/sports/press-register/index.ssf?/base/sports/1200651303285480.xml&coll=3	0.9538598	0.97726446
14eeee86-84e2-40c2-ac8c-42604bb4b60e	http://www.sun-sentinel.com/features/lifestyle/sfl-tjsimonsbjan14,0,2340230.column?coll=sofla_features_booksmags_xpromo	0.8690973	0.92936116
0c0dccb9-545d-494e-b0bb-bd11bf64f96c	http://www.azcentral.com/sports/colleges/articles/1231ougranger.html	0.96483123	0.9812003
64cc1937-f418-4cfe-bb98-113b1cdeffe2	http://entertainment.timesonline.co.uk/tol/arts_and_entertainment/tv_and_radio/article3196165.ece	0.5819378	0.7358657
f8cee3db-da55-42e9-b6bc-c8e48d6ad86c	http://www.bellinghamherald.com/campaign08/story/290960.html	0.93156147	0.99976224
6ea06988-2007-446c-8df5-417e300f0129	http://www.spiked-online.com/index.php?/site/article/4250/	0.9478268	0.92339396
7ddd1689-f849-4d81-8c39-b21e8f80bebb	http://news.xinhuanet.com/english/2008-01/11/content_7404845.htm	0.9877451	0.99950373
71e45809-1506-41df-bbbb-40db559b13e5	http://www.gamezine.co.uk/news/formats/wii/wii-tops-2007-console-poll-$1182867.htm	0.7882883	0.7981982
af102019-a413-4efa-8bc5-5af2a1faff1a	http://story.malaysiasun.com/index.php/ct/9/cid/b8de8e630faf3631/id/313517/cs/1/	0.9161905	0.89239335
335b5036-2fad-4c9e-835b-a46b4a1c0e62	http://www.dailymail.com/APHeadline/200801100373	0.9717338	0.9877828
b932be8e-09d2-4fc3-ae7a-81a091dab1a5	http://ca.reuters.com/article/topNews/idCAN3053967420071231	0.930605	0.9800125
35ece29f-38f4-493d-922c-7ea6f6f21e7c	http://www.inthenews.co.uk/sports/tennis/sport/reviews/federer-aiming-more-titles-$1185272.htm	0.9848171	0.9350394
09988ff6-80a0-47c4-9b1d-d7861227461b	http://www.summitdaily.com/article/20080107/AE/61801473	fail	0.89850104
e7a5d742-5aea-4ac5-9b8a-195c410645b8	http://www.starpulse.com/news/index.php/2008/01/14/bucket_list_tops_box_office	0.8393665	0.9205955
62915fb3-ee66-4593-9d0b-b5b5d46668c6	http://www.thetimes.co.za/News/Article.aspx?id=678837	0.9320803	0.98911566
c9d789b5-3d29-4234-9a30-ccfb37870b8d	http://www.planet-rugby.co.za/Story/0,18259,3551_3008536,00.html	0.8923874	0.8955164
c3a8e424-dd43-4cca-b8c8-859f4ad98bf9	http://breakingnews.iol.ie/sport/story.asp?j=242828700&p=z4z8z94x6&t=soccer	0.9302094	0.86871505
246e3fec-dfaa-4a58-9147-b0370c60f881	http://www.wjactv.com/nfl/15023805/detail.html	0.99318975	0.99992025
709e2656-9246-4959-ace0-9846614a1284	http://www.theglobeandmail.com/servlet/story/RTGAM.20071229.wbhuttomain1229/BNStory/International	0.9434254	0.97376823
4ed92403-69d9-4e6b-b3f6-247c23285815	http://undercover.com.au/News-Story.aspx?id=3753	0.8859935	0.9411765
4bec5000-9278-4671-b4e0-cf4065856dcf	http://www.nzherald.co.nz/category/story.cfm?c_id=18&objectid=10486887	0.89366275	0.86083806
d6430d81-87cb-4368-97d2-5ba7299c2e62	http://afp.google.com/article/ALeqM5gTwf62hcoEm7ZocKsiR4oaj8RP4Q	0.9719757	0.9964072
fa10c63c-7f7c-490c-a66e-f427fef03053	http://www.netribution.co.uk/content/view/1383/182/	0.95648855	0.94461304
6f945442-2558-4bc9-a55a-ad3647e8523b	http://www.edmontonsun.com/Entertainment/OtherEntertainment/2008/01/06/4755029-sun.html	0.9338654	0.91640544
7028acaa-7f56-4e56-9063-e19c73bd9118	http://www.canada.com/topics/news/story.html?id=af4bb925-96cb-4110-bbec-db840bf1f28e&k=77354	0.9609375	0.97313035
9ad17d48-6f8e-48d4-87f9-f7de6ad67d54	http://www.latimes.com/sports/college/football/la-sp-uclarep29dec29,1,5949128.story?coll=la-headlines-sports-coll_footb	0.76317084	0.98634815
21c556ad-a6d2-47ce-91cc-4e210a4b621f	http://afp.google.com/article/ALeqM5ghPNcbRAxGpVVf9xFzUWfPp6FFpA	0.9775823	0.9959502
e3094426-fc37-4859-9e2e-820dac46d30a	http://www.contactmusic.com/news.nsf/article/stones%20quit%20emi%20for%20universal_1056608	0.8754664	0.8606144
6bfd738f-ffe9-4303-948e-c8d75a2944e1	http://www.news.com.au/dailytelegraph/story/0,22049,23021609-5005941,00.html	fail	0.99873096
46402eeb-0c75-4da3-85d1-41b45244224b	http://www.thedaily.com.au/news/2007/dec/28/aap-police-firm-but-fair-on-nye-in-sydney/	0.96766293	0.99747473
a85340c3-7f9b-4e8a-996d-2946478c1204	http://www.pocket-lint.co.uk/news/news.phtml/11833/12857/2007-tech-review-September-news.phtml	0.93807644	0.9102531
30cfde24-3c3f-4ef6-a1ac-4b58f5e631b6	http://www.cfra.com/headlines/index.asp?cat=3&nid=54732	0.8836858	0.26603
90808156-7b9e-4993-80aa-31e1a6ba6cff	http://www.thepost.co.za/?fSectionId=&fArticleId=nw20071228110755282C855390	0.7886965	0.8070265
70b430c4-ba8a-4d1c-8467-5f13deac1cc1	http://news.xinhuanet.com/english/2008-01/08/content_7382664.htm	0.9826923	0.8970158
445955a8-5a7f-4026-a302-04a39a27e8a8	http://icscotland.icnetwork.co.uk/sport/nsport/tm_headline=jewell-close-to-striker-move&method=full&objectid=20303384&siteid=50141-name_page.html	0.9390402	0.40605718
302e53f4-c080-4570-a9d9-34822f053d9e	http://www.signonsandiego.com/news/world/20080108-0356-warcrimes-taylor.html	0.95155936	0.9815195
1ae477e7-83e3-4257-91fb-26261ed537b1	http://icwales.icnetwork.co.uk/rugbynation/rugby-in-wales/2008/01/14/edwards-on-board-with-wales-as-dallaglio-looks-to-help-gatland-91466-20345923/	0.96086216	0.97776496
f459b29d-3925-4daa-abf8-3546ab986756	http://www.infobolsa.es/v2002/Noticias/noticias_titulares2.asp?Fuente=IBNW&FechaNot=20080107&Clasif=C&Numnot=106463	0.85893756	0.86234236
0929c931-16fa-4033-9d7e-d3778237761d	http://www.euronews.net/index.php?page=info&article=463501&lng=1	0.9264566	0.9508841
2391433d-5b8f-462a-8ee8-498805b21970	http://www.cjad.com/news/14/651508	0.9387707	0.9841309
7431c374-e29a-4b69-ad2e-cffbe1720cb1	http://news.bbc.co.uk/2/hi/asia-pacific/7164089.stm	0.9545918	0.9699014
61e67a65-77fc-4e63-b9a0-1b1b39ea8cdb	http://www.jpost.com/servlet/Satellite?c=JPArticle&cid=1196847353521&pagename=JPost%2FJPArticle%2FShowFull	0.98239166	0.9921799
4e9a3cb3-bc61-413b-841c-9639f62a877f	http://www.wirelessweek.com/article.aspx?id=156436	0.9247405	0.99812907
ad3bd9fa-fc85-4198-aa7d-a3272fea8abe	http://www.venturacountystar.com/news/2007/dec/27/theres-much-to-learn-about-illinois/	0.9768036	0.9407309
2ae0a4a8-fc44-496c-80e2-79d1c55572f5	http://english.people.com.cn/90001/90777/90852/6329279.html	0.9833913	0.989122
fc246c87-b4c6-4a7b-a77f-627c7fa18004	http://www.localnewsleader.com/brocktown/stories3/index.php?action=fullnews&id=236068	0.8697411	0.9437115
1c0265ec-35f4-460c-a0a6-b3dab9555a57	http://www.tios.co.za/?fSectionId=1016&fArticleId=nw20071231121337812C807136	0.91858554	0.9780702
86ed497b-c584-430b-94cc-d76771df3ca6	http://www.g4tv.com/thefeed/blog/post/681978/CES_2008_Google_TV_Rumblings.html	0.8578275	0.856
57064ff2-7e87-496d-b661-ae3450a9e397	http://publications.mediapost.com/index.cfm?fuseaction=Articles.showArticleHomePage&art_aid=73388	0.9019517	0.9753769
69129590-ec37-49f6-a4cf-bb6afe4b83f9	http://www.keyetv.com/news/world/story.aspx?content_id=297ec71a-9f61-45d7-96ee-8c0d95238d60	0.7544843	0.85732484
26ea84f9-c814-4f3b-9aa1-8cbd14047fe4	http://news.bbc.co.uk/sport2/hi/tennis/7178456.stm	0.95264405	0.97612303
af251b14-f47b-403b-9e6f-68d3eb158526	http://www.dnaindia.com/report.asp?newsid=1142042	0.91446614	0.92182976
5956b685-ef3e-45b5-afb0-9e6211b5fb49	http://www.caribbeannetnews.com/news-5451--10-10--.html	0.7985386	0.7732026
cf165452-ff27-4c9d-8c95-52bf45b86532	http://www.cjad.com/news/14/646609	0.94160587	0.9831155
3463f0c3-535d-4435-8395-a48cf3f2232f	http://www.computerandvideogames.com/article.php?id=179341	0.9765013	0.043672025
cb487d49-b44c-4d82-93be-06702e394bf7	http://www.tmcnet.com/usubmit/-one-watch-logitech-harmony-one-introduces-significant-evolution-/2008/01/05/3196366.htm	0.7405746	0.9953962
c5f5a9a9-7175-4fdb-a5ee-dd9003f0f10e	http://www.ft.com/cms/s/948c2c00-b731-11dc-aa38-0000779fd2ac.html	0.86925566	0.9816984
ee50fd49-8001-4b9f-b3a5-c50229fd154a	http://www.sportsnetwork.com/default.asp?c=sportsnetwork&page=nhl/news/adn4119431.htm	0.95641404	0.9640539
490a79ca-bc7d-4c28-a435-12aa7fceada8	http://newsblaze.com/story/20071229085406tsop.nb/newsblaze/TOPSTORY/Top-Stories.html	0.9276438	0.9354537
e768c6d4-3ef8-4eff-b0d2-680ac84e8b3f	http://www.turkishpress.com/news.asp?id=208897&s=&i=&t=Vettori,_McCullum_lead_New_Zealand_cricket_rout_of_Bangladesh	0.64880776	0.922287
9ba9b7a5-5de4-4994-82d6-002243c0af12	http://www.modbee.com/2046/story/178923.html	0.95009243	0.96672946
85e7a96f-c673-4fe8-b7a7-fa32d9fe2aba	http://www.inthenews.co.uk/money/finance/news/bank-charge-case-in-court-$1187949.htm	0.92613316	0.14717406
8adb7b36-7128-499c-8cdf-2c3a18423ac2	http://www.chinapost.com.tw/news/2008/01/11/138533/26-killed.htm	0.98723066	0.9997305
3e992547-bf88-423f-a7d2-60a488e45f18	http://www.deccanherald.com/DeccanHerald.com/Content/Jan112008/sports2008011146057.asp?section=updatenews	0.9845256	0.9453749
23c874a6-349a-463f-89cc-8aeb3d185dcf	http://www.wifr.com/sports/headlines/12928082.html	fail	0.91733336
9a5adea6-fd55-43a3-9575-34c34d5936c0	http://news.yahoo.com/s/ucrr/20071228/cm_ucrr/thedeathofbenazircomesthewhirlwind	0.98358953	0.99873286
0303ceca-5737-418e-b3ea-94f75f39ea11	http://www.voanews.com/english/2007-11-24-voa24.cfm	0.8671832	0.96253073
b8a4c562-25cb-450d-bf36-0e9571e89de6	http://www.thetelegraphandargus.co.uk/display.var.1971490.0.bradford_could_be_15m_olympic_loser.php	0.96679986	0.61210585
4ca199a9-b3e5-4935-aa4c-78406487661d	http://www.reuters.com/article/televisionNews/idUSN1022850320080110	0.95296526	0.9994635
6e76afd5-2ffa-40fc-acd3-60b9f6a4c238	http://news.bbc.co.uk/sport2/low/football/teams/l/liverpool/7165572.stm	0.96060777	0.5502901
be60a2a5-72f9-4f0d-a86d-6f1e3a3615bc	http://www.telegraph.co.uk/news/main.jhtml?xml=/news/2007/12/31/nivf131.xml	0.9677313	0.99489623
3a247e29-59e7-4384-be98-543a9e4de6cc	http://canadianpress.google.com/article/ALeqM5g2WGKRMaRXjMjR6_ppkFnpbQEG5g	0.98457396	0.9965286
e13f3ee4-f7ed-4ca7-b111-665ce83d105f	http://www.smh.com.au/news/a-league/badge-of-dishonour-logo-sparks-norwegian-feud/2008/01/16/1200419885479.html	0.99183387	0.99952954
a9bf9ce6-08c8-437d-8656-6c3ceb291be8	http://origin.contracostatimes.com/sharks/ci_7982117	fail	fail
f5593c1e-ac20-46d7-b30c-55c7e7ab6379	http://www.mlive.com/sportsflash/index.ssf?/base/sports-3/119996364228650.xml&storylist=golf	0.9993373	0.9206349
6c2c412e-d685-40fa-91c5-70accfe4a84b	http://www.nytimes.com/2007/12/11/world/11nobel.html?em&ex=1197435600&en=e2fa117e176a1da1&ei=5087%0A	0.92785984	0.97521645
6bb2477c-bb70-4027-8851-d15a51cd9a49	http://chicagosports.chicagotribune.com/sports/college/cs-071229illinioffenserosebowl,1,7942962.story?coll=cs-college-headlines	0.96110994	0.9954258
7143d9be-f4cd-48d0-bb84-a07deed2683c	http://www.hindu.com/2007/12/30/stories/2007123054971700.htm	0.98132515	0.862298
967a6e51-c43f-4892-bb5c-39cbfb08163a	http://canadianpress.google.com/article/ALeqM5gi2ILpMTEyM_2o4rOKSi9vj1lnxQ	0.98776716	0.99829423
1b4c6ffa-3611-4cab-9fce-2073cf2335f8	http://www.clubcall.com/index.jsp?storyID=331739	0.9501247	0.9986877
48101d52-a9ab-456b-a278-795eb2c53473	http://www.azstarnet.com/sports/219724	0.9597881	0.96511626
